英語レベル,対象,ジャンル,番号,品詞,CEFR,出題方向,形,英単語,日本語,問題文,正解,まちがい1,まちがい2,まちがい3,解説(要約)
101,高校生前半,高校基礎・B1,1,noun,B1,英日,4択,gesture,ジェスチャー,「gesture」の意味は？,ジェスチャー,台無しにする,深さ,賞賛,gesture は「ジェスチャー」という意味だよ。
101,高校生前半,高校基礎・B1,2,noun,B1,英日,4択,attraction,アトラクション,「attraction」の意味は？,アトラクション,深さ,賞賛,単に,attraction は「アトラクション」という意味だよ。
101,高校生前半,高校基礎・B1,3,noun,B1,英日,4択,ruin,台無しにする,「ruin」の意味は？,台無しにする,賞賛,単に,喜び,ruin は「台無しにする」という意味だよ。
101,高校生前半,高校基礎・B1,4,noun,B1,英日,4択,depth,深さ,「depth」の意味は？,深さ,単に,喜び,信頼できる,depth は「深さ」という意味だよ。
101,高校生前半,高校基礎・B1,5,noun,B1,英日,4択,praise,賞賛,「praise」の意味は？,賞賛,喜び,信頼できる,折る,praise は「賞賛」という意味だよ。
101,高校生前半,高校基礎・B1,6,adverb,B1,英日,4択,merely,単に,「merely」の意味は？,単に,信頼できる,折る,不安,merely は「単に」という意味だよ。
101,高校生前半,高校基礎・B1,7,noun,B1,英日,4択,delight,喜び,「delight」の意味は？,喜び,折る,不安,症状,delight は「喜び」という意味だよ。
101,高校生前半,高校基礎・B1,8,adjective,B1,英日,4択,reliable,信頼できる,「reliable」の意味は？,信頼できる,不安,症状,魂,reliable は「信頼できる」という意味だよ。
101,高校生前半,高校基礎・B1,9,noun,B1,英日,4択,fold,折る,「fold」の意味は？,折る,症状,魂,式,fold は「折る」という意味だよ。
101,高校生前半,高校基礎・B1,10,noun,B1,英日,4択,anxiety,不安,「anxiety」の意味は？,不安,魂,式,連合,anxiety は「不安」という意味だよ。
101,高校生前半,高校基礎・B1,11,noun,B1,英日,4択,symptom,症状,「symptom」の意味は？,症状,式,連合,防衛,symptom は「症状」という意味だよ。
101,高校生前半,高校基礎・B1,12,noun,B1,英日,4択,soul,魂,「soul」の意味は？,魂,連合,防衛,取り除く,soul は「魂」という意味だよ。
101,高校生前半,高校基礎・B1,13,noun,B1,英日,4択,ceremony,式,「ceremony」の意味は？,式,防衛,取り除く,消費する,ceremony は「式」という意味だよ。
101,高校生前半,高校基礎・B1,14,noun,B1,英日,4択,union,連合,「union」の意味は？,連合,取り除く,消費する,強化する,union は「連合」という意味だよ。
101,高校生前半,高校基礎・B1,15,noun,B1,英日,4択,defense,防衛,「defense」の意味は？,防衛,消費する,強化する,簡単に,defense は「防衛」という意味だよ。
101,高校生前半,高校基礎・B1,16,verb,B1,英日,4択,rid,取り除く,「rid」の意味は？,取り除く,強化する,簡単に,攻撃的,rid は「取り除く」という意味だよ。
101,高校生前半,高校基礎・B1,17,verb,B1,英日,4択,consume,消費する,「consume」の意味は？,消費する,簡単に,攻撃的,情熱,consume は「消費する」という意味だよ。
101,高校生前半,高校基礎・B1,18,verb,B1,英日,4択,strengthen,強化する,「strengthen」の意味は？,強化する,攻撃的,情熱,雑誌・日誌,strengthen は「強化する」という意味だよ。
101,高校生前半,高校基礎・B1,19,adverb,B1,英日,4択,briefly,簡単に,「briefly」の意味は？,簡単に,情熱,雑誌・日誌,注目すべき,briefly は「簡単に」という意味だよ。
101,高校生前半,高校基礎・B1,20,adjective,B1,英日,4択,aggressive,攻撃的,「aggressive」の意味は？,攻撃的,雑誌・日誌,注目すべき,正義,aggressive は「攻撃的」という意味だよ。
101,高校生前半,高校基礎・B1,21,noun,B1,日英,4択,passion,情熱,「情熱」を表す英単語は？,passion,remarkable,justice,steel,「情熱」は英語で passion と言うよ。
101,高校生前半,高校基礎・B1,22,noun,B1,日英,4択,journal,雑誌・日誌,「雑誌・日誌」を表す英単語は？,journal,justice,steel,height,「雑誌・日誌」は英語で journal と言うよ。
101,高校生前半,高校基礎・B1,23,adjective,B1,日英,4択,remarkable,注目すべき,「注目すべき」を表す英単語は？,remarkable,steel,height,psychological,「注目すべき」は英語で remarkable と言うよ。
101,高校生前半,高校基礎・B1,24,noun,B1,日英,4択,justice,正義,「正義」を表す英単語は？,justice,height,psychological,politician,「正義」は英語で justice と言うよ。
101,高校生前半,高校基礎・B1,25,noun,B1,日英,4択,steel,鋼鉄,「鋼鉄」を表す英単語は？,steel,psychological,politician,eliminate,「鋼鉄」は英語で steel と言うよ。
101,高校生前半,高校基礎・B1,26,noun,B1,日英,4択,height,高さ,「高さ」を表す英単語は？,height,politician,eliminate,internal,「高さ」は英語で height と言うよ。
101,高校生前半,高校基礎・B1,27,adjective,B1,日英,4択,psychological,心理的,「心理的」を表す英単語は？,psychological,eliminate,internal,gesture,「心理的」は英語で psychological と言うよ。
101,高校生前半,高校基礎・B1,28,noun,B1,日英,4択,politician,政治家,「政治家」を表す英単語は？,politician,internal,gesture,attraction,「政治家」は英語で politician と言うよ。
101,高校生前半,高校基礎・B1,29,verb,B1,日英,4択,eliminate,なくす,「なくす」を表す英単語は？,eliminate,gesture,attraction,ruin,「なくす」は英語で eliminate と言うよ。
101,高校生前半,高校基礎・B1,30,adjective,B1,日英,4択,internal,内部の,「内部の」を表す英単語は？,internal,attraction,ruin,depth,「内部の」は英語で internal と言うよ。
102,高校生前半,高校基礎・B1,1,adjective,B1,英日,4択,plain,明白な,「plain」の意味は？,明白な,怖がらせる,針金,並外れた,plain は「明白な」という意味だよ。
102,高校生前半,高校基礎・B1,2,adjective,B1,英日,4択,vast,広大な,「vast」の意味は？,広大な,針金,並外れた,追いかける,vast は「広大な」という意味だよ。
102,高校生前半,高校基礎・B1,3,verb,B1,英日,4択,scare,怖がらせる,「scare」の意味は？,怖がらせる,並外れた,追いかける,楽しませる,scare は「怖がらせる」という意味だよ。
102,高校生前半,高校基礎・B1,4,noun,B1,英日,4択,wire,針金,「wire」の意味は？,針金,追いかける,楽しませる,意図,wire は「針金」という意味だよ。
102,高校生前半,高校基礎・B1,5,adjective,B1,英日,4択,extraordinary,並外れた,「extraordinary」の意味は？,並外れた,楽しませる,意図,成し遂げる,extraordinary は「並外れた」という意味だよ。
102,高校生前半,高校基礎・B1,6,noun,B1,英日,4択,chase,追いかける,「chase」の意味は？,追いかける,意図,成し遂げる,要約する,chase は「追いかける」という意味だよ。
102,高校生前半,高校基礎・B1,7,verb,B1,英日,4択,entertain,楽しませる,「entertain」の意味は？,楽しませる,成し遂げる,要約する,小道・跡,entertain は「楽しませる」という意味だよ。
102,高校生前半,高校基礎・B1,8,noun,B1,英日,4択,intention,意図,「intention」の意味は？,意図,要約する,小道・跡,見える,intention は「意図」という意味だよ。
102,高校生前半,高校基礎・B1,9,verb,B1,英日,4択,accomplish,成し遂げる,「accomplish」の意味は？,成し遂げる,小道・跡,見える,ログ,accomplish は「成し遂げる」という意味だよ。
102,高校生前半,高校基礎・B1,10,verb,B1,英日,4択,summarize,要約する,「summarize」の意味は？,要約する,見える,ログ,インストール,summarize は「要約する」という意味だよ。
102,高校生前半,高校基礎・B1,11,noun,B1,英日,4択,trail,小道・跡,「trail」の意味は？,小道・跡,ログ,インストール,破裂する,trail は「小道・跡」という意味だよ。
102,高校生前半,高校基礎・B1,12,adjective,B1,英日,4択,visible,見える,「visible」の意味は？,見える,インストール,破裂する,慈善事業,visible は「見える」という意味だよ。
102,高校生前半,高校基礎・B1,13,noun,B1,英日,4択,log,ログ,「log」の意味は？,ログ,破裂する,慈善事業,抵抗する,log は「ログ」という意味だよ。
102,高校生前半,高校基礎・B1,14,verb,B1,英日,4択,install,インストール,「install」の意味は？,インストール,慈善事業,抵抗する,制限する,install は「インストール」という意味だよ。
102,高校生前半,高校基礎・B1,15,verb,B1,英日,4択,burst,破裂する,「burst」の意味は？,破裂する,抵抗する,制限する,石炭,burst は「破裂する」という意味だよ。
102,高校生前半,高校基礎・B1,16,noun,B1,英日,4択,charity,慈善事業,「charity」の意味は？,慈善事業,制限する,石炭,占める,charity は「慈善事業」という意味だよ。
102,高校生前半,高校基礎・B1,17,verb,B1,英日,4択,resist,抵抗する,「resist」の意味は？,抵抗する,石炭,占める,発表,resist は「抵抗する」という意味だよ。
102,高校生前半,高校基礎・B1,18,verb,B1,英日,4択,restrict,制限する,「restrict」の意味は？,制限する,占める,発表,純粋な,restrict は「制限する」という意味だよ。
102,高校生前半,高校基礎・B1,19,noun,B1,英日,4択,coal,石炭,「coal」の意味は？,石炭,発表,純粋な,モチベーション,coal は「石炭」という意味だよ。
102,高校生前半,高校基礎・B1,20,verb,B1,英日,4択,occupy,占める,「occupy」の意味は？,占める,純粋な,モチベーション,任命する,occupy は「占める」という意味だよ。
102,高校生前半,高校基礎・B1,21,noun,B1,日英,4択,announcement,発表,「発表」を表す英単語は？,announcement,motivation,appoint,occasionally,「発表」は英語で announcement と言うよ。
102,高校生前半,高校基礎・B1,22,adjective,B1,日英,4択,pure,純粋な,「純粋な」を表す英単語は？,pure,appoint,occasionally,curious,「純粋な」は英語で pure と言うよ。
102,高校生前半,高校基礎・B1,23,noun,B1,日英,4択,motivation,モチベーション,「モチベーション」を表す英単語は？,motivation,occasionally,curious,arrest,「モチベーション」は英語で motivation と言うよ。
102,高校生前半,高校基礎・B1,24,verb,B1,日英,4択,appoint,任命する,「任命する」を表す英単語は？,appoint,curious,arrest,distant,「任命する」は英語で appoint と言うよ。
102,高校生前半,高校基礎・B1,25,adverb,B1,日英,4択,occasionally,たまに,「たまに」を表す英単語は？,occasionally,arrest,distant,bond,「たまに」は英語で occasionally と言うよ。
102,高校生前半,高校基礎・B1,26,adjective,B1,日英,4択,curious,好奇心旺盛,「好奇心旺盛」を表す英単語は？,curious,distant,bond,laboratory,「好奇心旺盛」は英語で curious と言うよ。
102,高校生前半,高校基礎・B1,27,noun,B1,日英,4択,arrest,逮捕,「逮捕」を表す英単語は？,arrest,bond,laboratory,plain,「逮捕」は英語で arrest と言うよ。
102,高校生前半,高校基礎・B1,28,adjective,B1,日英,4択,distant,遠く,「遠く」を表す英単語は？,distant,laboratory,plain,vast,「遠く」は英語で distant と言うよ。
102,高校生前半,高校基礎・B1,29,noun,B1,日英,4択,bond,絆,「絆」を表す英単語は？,bond,plain,vast,scare,「絆」は英語で bond と言うよ。
102,高校生前半,高校基礎・B1,30,noun,B1,日英,4択,laboratory,研究室,「研究室」を表す英単語は？,laboratory,vast,scare,wire,「研究室」は英語で laboratory と言うよ。
103,高校生前半,高校基礎・B1,1,noun,B1,英日,4択,mayor,市長,「mayor」の意味は？,市長,飢え,毎月,ディスク,mayor は「市長」という意味だよ。
103,高校生前半,高校基礎・B1,2,noun,B1,英日,4択,alcohol,アルコール,「alcohol」の意味は？,アルコール,毎月,ディスク,配布する,alcohol は「アルコール」という意味だよ。
103,高校生前半,高校基礎・B1,3,noun,B1,英日,4択,hunger,飢え,「hunger」の意味は？,飢え,ディスク,配布する,変える,hunger は「飢え」という意味だよ。
103,高校生前半,高校基礎・B1,4,adjective,B1,英日,4択,monthly,毎月,「monthly」の意味は？,毎月,配布する,変える,多数の,monthly は「毎月」という意味だよ。
103,高校生前半,高校基礎・B1,5,noun,B1,英日,4択,disk,ディスク,「disk」の意味は？,ディスク,変える,多数の,抗議する,disk は「ディスク」という意味だよ。
103,高校生前半,高校基礎・B1,6,verb,B1,英日,4択,distribute,配布する,「distribute」の意味は？,配布する,多数の,抗議する,印象的な,distribute は「配布する」という意味だよ。
103,高校生前半,高校基礎・B1,7,verb,B1,英日,4択,transform,変える,「transform」の意味は？,変える,抗議する,印象的な,ユーモア,transform は「変える」という意味だよ。
103,高校生前半,高校基礎・B1,8,adjective,B1,英日,4択,numerous,多数の,「numerous」の意味は？,多数の,印象的な,ユーモア,民主主義,numerous は「多数の」という意味だよ。
103,高校生前半,高校基礎・B1,9,noun,B1,英日,4択,protest,抗議する,「protest」の意味は？,抗議する,ユーモア,民主主義,有罪,protest は「抗議する」という意味だよ。
103,高校生前半,高校基礎・B1,10,adjective,B1,英日,4択,impressive,印象的な,「impressive」の意味は？,印象的な,民主主義,有罪,守る,impressive は「印象的な」という意味だよ。
103,高校生前半,高校基礎・B1,11,noun,B1,英日,4択,humor,ユーモア,「humor」の意味は？,ユーモア,有罪,守る,ささやく,humor は「ユーモア」という意味だよ。
103,高校生前半,高校基礎・B1,12,noun,B1,英日,4択,democracy,民主主義,「democracy」の意味は？,民主主義,守る,ささやく,リーグ,democracy は「民主主義」という意味だよ。
103,高校生前半,高校基礎・B1,13,adjective,B1,英日,4択,guilty,有罪,「guilty」の意味は？,有罪,ささやく,リーグ,保守的,guilty は「有罪」という意味だよ。
103,高校生前半,高校基礎・B1,14,verb,B1,英日,4択,defend,守る,「defend」の意味は？,守る,リーグ,保守的,青白い,defend は「守る」という意味だよ。
103,高校生前半,高校基礎・B1,15,noun,B1,英日,4択,whisper,ささやく,「whisper」の意味は？,ささやく,保守的,青白い,暗闇,whisper は「ささやく」という意味だよ。
103,高校生前半,高校基礎・B1,16,noun,B1,英日,4択,league,リーグ,「league」の意味は？,リーグ,青白い,暗闇,バカ,league は「リーグ」という意味だよ。
103,高校生前半,高校基礎・B1,17,adjective,B1,英日,4択,conservative,保守的,「conservative」の意味は？,保守的,暗闇,バカ,メンテナンス,conservative は「保守的」という意味だよ。
103,高校生前半,高校基礎・B1,18,adjective,B1,英日,4択,pale,青白い,「pale」の意味は？,青白い,バカ,メンテナンス,プロデューサー,pale は「青白い」という意味だよ。
103,高校生前半,高校基礎・B1,19,noun,B1,英日,4択,darkness,暗闇,「darkness」の意味は？,暗闇,メンテナンス,プロデューサー,規制,darkness は「暗闇」という意味だよ。
103,高校生前半,高校基礎・B1,20,adjective,B1,英日,4択,stupid,バカ,「stupid」の意味は？,バカ,プロデューサー,規制,目の見えない,stupid は「バカ」という意味だよ。
103,高校生前半,高校基礎・B1,21,noun,B1,日英,4択,maintenance,メンテナンス,「メンテナンス」を表す英単語は？,maintenance,regulation,blind,tournament,「メンテナンス」は英語で maintenance と言うよ。
103,高校生前半,高校基礎・B1,22,noun,B1,日英,4択,producer,プロデューサー,「プロデューサー」を表す英単語は？,producer,blind,tournament,regional,「プロデューサー」は英語で producer と言うよ。
103,高校生前半,高校基礎・B1,23,noun,B1,日英,4択,regulation,規制,「規制」を表す英単語は？,regulation,tournament,regional,via,「規制」は英語で regulation と言うよ。
103,高校生前半,高校基礎・B1,24,adjective,B1,日英,4択,blind,目の見えない,「目の見えない」を表す英単語は？,blind,regional,via,measurement,「目の見えない」は英語で blind と言うよ。
103,高校生前半,高校基礎・B1,25,noun,B1,日英,4択,tournament,トーナメント,「トーナメント」を表す英単語は？,tournament,via,measurement,trace,「トーナメント」は英語で tournament と言うよ。
103,高校生前半,高校基礎・B1,26,adjective,B1,日英,4択,regional,地域の,「地域の」を表す英単語は？,regional,measurement,trace,depression,「地域の」は英語で regional と言うよ。
103,高校生前半,高校基礎・B1,27,preposition,B1,日英,4択,via,経由,「経由」を表す英単語は？,via,trace,depression,mayor,「経由」は英語で via と言うよ。
103,高校生前半,高校基礎・B1,28,noun,B1,日英,4択,measurement,測定,「測定」を表す英単語は？,measurement,depression,mayor,alcohol,「測定」は英語で measurement と言うよ。
103,高校生前半,高校基礎・B1,29,noun,B1,日英,4択,trace,トレース,「トレース」を表す英単語は？,trace,mayor,alcohol,hunger,「トレース」は英語で trace と言うよ。
103,高校生前半,高校基礎・B1,30,noun,B1,日英,4択,depression,うつ病・不況,「うつ病・不況」を表す英単語は？,depression,alcohol,hunger,monthly,「うつ病・不況」は英語で depression と言うよ。
104,高校生前半,高校基礎・B1,1,noun,B1,英日,4択,approval,承認,「approval」の意味は？,承認,現象,傷,復元する,approval は「承認」という意味だよ。
104,高校生前半,高校基礎・B1,2,noun,B1,英日,4択,craft,工芸・技術,「craft」の意味は？,工芸・技術,傷,復元する,観光,craft は「工芸・技術」という意味だよ。
104,高校生前半,高校基礎・B1,3,noun,B1,英日,4択,phenomenon,現象,「phenomenon」の意味は？,現象,復元する,観光,制限,phenomenon は「現象」という意味だよ。
104,高校生前半,高校基礎・B1,4,noun,B1,英日,4択,wound,傷,「wound」の意味は？,傷,観光,制限,ストレージ,wound は「傷」という意味だよ。
104,高校生前半,高校基礎・B1,5,verb,B1,英日,4択,restore,復元する,「restore」の意味は？,復元する,制限,ストレージ,巨大な,restore は「復元する」という意味だよ。
104,高校生前半,高校基礎・B1,6,noun,B1,英日,4択,tourism,観光,「tourism」の意味は？,観光,ストレージ,巨大な,職業,tourism は「観光」という意味だよ。
104,高校生前半,高校基礎・B1,7,noun,B1,英日,4択,limitation,制限,「limitation」の意味は？,制限,巨大な,職業,視覚の,limitation は「制限」という意味だよ。
104,高校生前半,高校基礎・B1,8,noun,B1,英日,4択,storage,ストレージ,「storage」の意味は？,ストレージ,職業,視覚の,登録,storage は「ストレージ」という意味だよ。
104,高校生前半,高校基礎・B1,9,adjective,B1,英日,4択,massive,巨大な,「massive」の意味は？,巨大な,視覚の,登録,その結果,massive は「巨大な」という意味だよ。
104,高校生前半,高校基礎・B1,10,noun,B1,英日,4択,profession,職業,「profession」の意味は？,職業,登録,その結果,概念,profession は「職業」という意味だよ。
104,高校生前半,高校基礎・B1,11,adjective,B1,英日,4択,visual,視覚の,「visual」の意味は？,視覚の,その結果,概念,正確な,visual は「視覚の」という意味だよ。
104,高校生前半,高校基礎・B1,12,noun,B1,英日,4択,registration,登録,「registration」の意味は？,登録,概念,正確な,傾く,registration は「登録」という意味だよ。
104,高校生前半,高校基礎・B1,13,adverb,B1,英日,4択,consequently,その結果,「consequently」の意味は？,その結果,正確な,傾く,曲線,consequently は「その結果」という意味だよ。
104,高校生前半,高校基礎・B1,14,noun,B1,英日,4択,notion,概念,「notion」の意味は？,概念,傾く,曲線,作曲する,notion は「概念」という意味だよ。
104,高校生前半,高校基礎・B1,15,adjective,B1,英日,4択,exact,正確な,「exact」の意味は？,正確な,曲線,作曲する,詩,exact は「正確な」という意味だよ。
104,高校生前半,高校基礎・B1,16,adjective,B1,英日,4択,lean,傾く,「lean」の意味は？,傾く,作曲する,詩,批評家,lean は「傾く」という意味だよ。
104,高校生前半,高校基礎・B1,17,noun,B1,英日,4択,curve,曲線,「curve」の意味は？,曲線,詩,批評家,下に,curve は「曲線」という意味だよ。
104,高校生前半,高校基礎・B1,18,verb,B1,英日,4択,compose,作曲する,「compose」の意味は？,作曲する,批評家,下に,時代,compose は「作曲する」という意味だよ。
104,高校生前半,高校基礎・B1,19,noun,B1,英日,4択,poetry,詩,「poetry」の意味は？,詩,下に,時代,主に,poetry は「詩」という意味だよ。
104,高校生前半,高校基礎・B1,20,noun,B1,英日,4択,critic,批評家,「critic」の意味は？,批評家,時代,主に,遺伝の,critic は「批評家」という意味だよ。
104,高校生前半,高校基礎・B1,21,preposition,B1,日英,4択,beneath,下に,「下に」を表す英単語は？,beneath,primarily,genetic,poet,「下に」は英語で beneath と言うよ。
104,高校生前半,高校基礎・B1,22,noun,B1,日英,4択,era,時代,「時代」を表す英単語は？,era,genetic,poet,efficiency,「時代」は英語で era と言うよ。
104,高校生前半,高校基礎・B1,23,adverb,B1,日英,4択,primarily,主に,「主に」を表す英単語は？,primarily,poet,efficiency,negotiate,「主に」は英語で primarily と言うよ。
104,高校生前半,高校基礎・B1,24,adjective,B1,日英,4択,genetic,遺伝の,「遺伝の」を表す英単語は？,genetic,efficiency,negotiate,weakness,「遺伝の」は英語で genetic と言うよ。
104,高校生前半,高校基礎・B1,25,noun,B1,日英,4択,poet,詩人,「詩人」を表す英単語は？,poet,negotiate,weakness,specialize,「詩人」は英語で poet と言うよ。
104,高校生前半,高校基礎・B1,26,noun,B1,日英,4択,efficiency,効率,「効率」を表す英単語は？,efficiency,weakness,specialize,hopefully,「効率」は英語で efficiency と言うよ。
104,高校生前半,高校基礎・B1,27,verb,B1,日英,4択,negotiate,交渉する,「交渉する」を表す英単語は？,negotiate,specialize,hopefully,approval,「交渉する」は英語で negotiate と言うよ。
104,高校生前半,高校基礎・B1,28,noun,B1,日英,4択,weakness,弱点,「弱点」を表す英単語は？,weakness,hopefully,approval,craft,「弱点」は英語で weakness と言うよ。
104,高校生前半,高校基礎・B1,29,verb,B1,日英,4択,specialize,専門化する,「専門化する」を表す英単語は？,specialize,approval,craft,phenomenon,「専門化する」は英語で specialize と言うよ。
104,高校生前半,高校基礎・B1,30,adverb,B1,日英,4択,hopefully,うまくいけば,「うまくいけば」を表す英単語は？,hopefully,craft,phenomenon,wound,「うまくいけば」は英語で hopefully と言うよ。
105,高校生前半,高校基礎・B1,1,noun,B1,英日,4択,significance,意義,「significance」の意味は？,意義,興奮,崩壊,デモンストレーション,significance は「意義」という意味だよ。
105,高校生前半,高校基礎・B1,2,noun,B1,英日,4択,reduction,削減,「reduction」の意味は？,削減,崩壊,デモンストレーション,破壊,reduction は「削減」という意味だよ。
105,高校生前半,高校基礎・B1,3,noun,B1,英日,4択,excitement,興奮,「excitement」の意味は？,興奮,デモンストレーション,破壊,モーター,excitement は「興奮」という意味だよ。
105,高校生前半,高校基礎・B1,4,noun,B1,英日,4択,collapse,崩壊,「collapse」の意味は？,崩壊,破壊,モーター,値する,collapse は「崩壊」という意味だよ。
105,高校生前半,高校基礎・B1,5,noun,B1,英日,4択,demonstration,デモンストレーション,「demonstration」の意味は？,デモンストレーション,モーター,値する,競争相手,demonstration は「デモンストレーション」という意味だよ。
105,高校生前半,高校基礎・B1,6,noun,B1,英日,4択,destruction,破壊,「destruction」の意味は？,破壊,値する,競争相手,哲学,destruction は「破壊」という意味だよ。
105,高校生前半,高校基礎・B1,7,noun,B1,英日,4択,motor,モーター,「motor」の意味は？,モーター,競争相手,哲学,フラッシュ,motor は「モーター」という意味だよ。
105,高校生前半,高校基礎・B1,8,verb,B1,英日,4択,deserve,値する,「deserve」の意味は？,値する,哲学,フラッシュ,論理,deserve は「値する」という意味だよ。
105,高校生前半,高校基礎・B1,9,noun,B1,英日,4択,competitor,競争相手,「competitor」の意味は？,競争相手,フラッシュ,論理,化合物,competitor は「競争相手」という意味だよ。
105,高校生前半,高校基礎・B1,10,noun,B1,英日,4択,philosophy,哲学,「philosophy」の意味は？,哲学,論理,化合物,昇進・促進,philosophy は「哲学」という意味だよ。
105,高校生前半,高校基礎・B1,11,adjective,B1,英日,4択,flash,フラッシュ,「flash」の意味は？,フラッシュ,化合物,昇進・促進,恐ろしい,flash は「フラッシュ」という意味だよ。
105,高校生前半,高校基礎・B1,12,noun,B1,英日,4択,logic,論理,「logic」の意味は？,論理,昇進・促進,恐ろしい,歴史的な,logic は「論理」という意味だよ。
105,高校生前半,高校基礎・B1,13,noun,B1,英日,4択,compound,化合物,「compound」の意味は？,化合物,恐ろしい,歴史的な,最大,compound は「化合物」という意味だよ。
105,高校生前半,高校基礎・B1,14,noun,B1,英日,4択,promotion,昇進・促進,「promotion」の意味は？,昇進・促進,歴史的な,最大,緊張,promotion は「昇進・促進」という意味だよ。
105,高校生前半,高校基礎・B1,15,adjective,B1,英日,4択,horrible,恐ろしい,「horrible」の意味は？,恐ろしい,最大,緊張,資格を得る,horrible は「恐ろしい」という意味だよ。
105,高校生前半,高校基礎・B1,16,adjective,B1,英日,4択,historic,歴史的な,「historic」の意味は？,歴史的な,緊張,資格を得る,角度,historic は「歴史的な」という意味だよ。
105,高校生前半,高校基礎・B1,17,adjective,B1,英日,4択,maximum,最大,「maximum」の意味は？,最大,資格を得る,角度,導出する,maximum は「最大」という意味だよ。
105,高校生前半,高校基礎・B1,18,noun,B1,英日,4択,tension,緊張,「tension」の意味は？,緊張,角度,導出する,サポーター,tension は「緊張」という意味だよ。
105,高校生前半,高校基礎・B1,19,verb,B1,英日,4択,qualify,資格を得る,「qualify」の意味は？,資格を得る,導出する,サポーター,構成・作文,qualify は「資格を得る」という意味だよ。
105,高校生前半,高校基礎・B1,20,noun,B1,英日,4択,angle,角度,「angle」の意味は？,角度,サポーター,構成・作文,かろうじて,angle は「角度」という意味だよ。
105,高校生前半,高校基礎・B1,21,verb,B1,日英,4択,derive,導出する,「導出する」を表す英単語は？,derive,composition,barely,comedy,「導出する」は英語で derive と言うよ。
105,高校生前半,高校基礎・B1,22,noun,B1,日英,4択,supporter,サポーター,「サポーター」を表す英単語は？,supporter,barely,comedy,establishment,「サポーター」は英語で supporter と言うよ。
105,高校生前半,高校基礎・B1,23,noun,B1,日英,4択,composition,構成・作文,「構成・作文」を表す英単語は？,composition,comedy,establishment,wherever,「構成・作文」は英語で composition と言うよ。
105,高校生前半,高校基礎・B1,24,adverb,B1,日英,4択,barely,かろうじて,「かろうじて」を表す英単語は？,barely,establishment,wherever,personally,「かろうじて」は英語で barely と言うよ。
105,高校生前半,高校基礎・B1,25,noun,B1,日英,4択,comedy,コメディ,「コメディ」を表す英単語は？,comedy,wherever,personally,destination,「コメディ」は英語で comedy と言うよ。
105,高校生前半,高校基礎・B1,26,noun,B1,日英,4択,establishment,設立,「設立」を表す英単語は？,establishment,personally,destination,literary,「設立」は英語で establishment と言うよ。
105,高校生前半,高校基礎・B1,27,conjunction,B1,日英,4択,wherever,どこでも,「どこでも」を表す英単語は？,wherever,destination,literary,significance,「どこでも」は英語で wherever と言うよ。
105,高校生前半,高校基礎・B1,28,adverb,B1,日英,4択,personally,個人的に,「個人的に」を表す英単語は？,personally,literary,significance,reduction,「個人的に」は英語で personally と言うよ。
105,高校生前半,高校基礎・B1,29,noun,B1,日英,4択,destination,目的地,「目的地」を表す英単語は？,destination,significance,reduction,excitement,「目的地」は英語で destination と言うよ。
105,高校生前半,高校基礎・B1,30,adjective,B1,日英,4択,literary,文学の,「文学の」を表す英単語は？,literary,reduction,excitement,collapse,「文学の」は英語で literary と言うよ。
106,高校生前半,高校基礎・B1,1,noun,B1,英日,4択,insight,洞察力,「insight」の意味は？,洞察力,調査結果,あえて,心配している,insight は「洞察力」という意味だよ。
106,高校生前半,高校基礎・B1,2,noun,B1,英日,4択,confusion,混乱,「confusion」の意味は？,混乱,あえて,心配している,明らかな,confusion は「混乱」という意味だよ。
106,高校生前半,高校基礎・B1,3,noun,B1,英日,4択,finding,調査結果,「finding」の意味は？,調査結果,心配している,明らかな,買い手,finding は「調査結果」という意味だよ。
106,高校生前半,高校基礎・B1,4,verb,B1,英日,4択,dare,あえて,「dare」の意味は？,あえて,明らかな,買い手,予報,dare は「あえて」という意味だよ。
106,高校生前半,高校基礎・B1,5,adjective,B1,英日,4択,concerned,心配している,「concerned」の意味は？,心配している,買い手,予報,有機の,concerned は「心配している」という意味だよ。
106,高校生前半,高校基礎・B1,6,adjective,B1,英日,4択,apparent,明らかな,「apparent」の意味は？,明らかな,予報,有機の,かなりの・重要な,apparent は「明らかな」という意味だよ。
106,高校生前半,高校基礎・B1,7,noun,B1,英日,4択,buyer,買い手,「buyer」の意味は？,買い手,有機の,かなりの・重要な,どこにもない,buyer は「買い手」という意味だよ。
106,高校生前半,高校基礎・B1,8,noun,B1,英日,4択,forecast,予報,「forecast」の意味は？,予報,かなりの・重要な,どこにもない,歴史家,forecast は「予報」という意味だよ。
106,高校生前半,高校基礎・B1,9,adjective,B1,英日,4択,organic,有機の,「organic」の意味は？,有機の,どこにもない,歴史家,頻繁な,organic は「有機の」という意味だよ。
106,高校生前半,高校基礎・B1,10,adjective,B1,英日,4択,substantial,かなりの・重要な,「substantial」の意味は？,かなりの・重要な,歴史家,頻繁な,区別,substantial は「かなりの・重要な」という意味だよ。
106,高校生前半,高校基礎・B1,11,adverb,B1,英日,4択,nowhere,どこにもない,「nowhere」の意味は？,どこにもない,頻繁な,区別,一般的に,nowhere は「どこにもない」という意味だよ。
106,高校生前半,高校基礎・B1,12,noun,B1,英日,4択,historian,歴史家,「historian」の意味は？,歴史家,区別,一般的に,風味,historian は「歴史家」という意味だよ。
106,高校生前半,高校基礎・B1,13,adjective,B1,英日,4択,frequent,頻繁な,「frequent」の意味は？,頻繁な,一般的に,風味,周囲の,frequent は「頻繁な」という意味だよ。
106,高校生前半,高校基礎・B1,14,noun,B1,英日,4択,distinction,区別,「distinction」の意味は？,区別,風味,周囲の,恥ずかしい,distinction は「区別」という意味だよ。
106,高校生前半,高校基礎・B1,15,adverb,B1,英日,4択,commonly,一般的に,「commonly」の意味は？,一般的に,周囲の,恥ずかしい,しっかりと,commonly は「一般的に」という意味だよ。
106,高校生前半,高校基礎・B1,16,noun,B1,英日,4択,flavor,風味,「flavor」の意味は？,風味,恥ずかしい,しっかりと,代用品・代わりになる,flavor は「風味」という意味だよ。
106,高校生前半,高校基礎・B1,17,adjective,B1,英日,4択,surrounding,周囲の,「surrounding」の意味は？,周囲の,しっかりと,代用品・代わりになる,得る,surrounding は「周囲の」という意味だよ。
106,高校生前半,高校基礎・B1,18,adjective,B1,英日,4択,ashamed,恥ずかしい,「ashamed」の意味は？,恥ずかしい,代用品・代わりになる,得る,民主的,ashamed は「恥ずかしい」という意味だよ。
106,高校生前半,高校基礎・B1,19,adverb,B1,英日,4択,firmly,しっかりと,「firmly」の意味は？,しっかりと,得る,民主的,所有する,firmly は「しっかりと」という意味だよ。
106,高校生前半,高校基礎・B1,20,noun,B1,英日,4択,substitute,代用品・代わりになる,「substitute」の意味は？,代用品・代わりになる,民主的,所有する,やる気を起こさせる,substitute は「代用品・代わりになる」という意味だよ。
106,高校生前半,高校基礎・B1,21,verb,B1,日英,4択,obtain,得る,「得る」を表す英単語は？,obtain,possess,motivate,burden,「得る」は英語で obtain と言うよ。
106,高校生前半,高校基礎・B1,22,adjective,B1,日英,4択,democratic,民主的,「民主的」を表す英単語は？,democratic,motivate,burden,virus,「民主的」は英語で democratic と言うよ。
106,高校生前半,高校基礎・B1,23,verb,B1,日英,4択,possess,所有する,「所有する」を表す英単語は？,possess,burden,virus,opening,「所有する」は英語で possess と言うよ。
106,高校生前半,高校基礎・B1,24,verb,B1,日英,4択,motivate,やる気を起こさせる,「やる気を起こさせる」を表す英単語は？,motivate,virus,opening,modify,「やる気を起こさせる」は英語で motivate と言うよ。
106,高校生前半,高校基礎・B1,25,noun,B1,日英,4択,burden,重荷,「重荷」を表す英単語は？,burden,opening,modify,limited,「重荷」は英語で burden と言うよ。
106,高校生前半,高校基礎・B1,26,noun,B1,日英,4択,virus,ウイルス,「ウイルス」を表す英単語は？,virus,modify,limited,characterize,「ウイルス」は英語で virus と言うよ。
106,高校生前半,高校基礎・B1,27,noun,B1,日英,4択,opening,空き・開始,「空き・開始」を表す英単語は？,opening,limited,characterize,insight,「空き・開始」は英語で opening と言うよ。
106,高校生前半,高校基礎・B1,28,verb,B1,日英,4択,modify,修正する,「修正する」を表す英単語は？,modify,characterize,insight,confusion,「修正する」は英語で modify と言うよ。
106,高校生前半,高校基礎・B1,29,adjective,B1,日英,4択,limited,限られた,「限られた」を表す英単語は？,limited,insight,confusion,finding,「限られた」は英語で limited と言うよ。
106,高校生前半,高校基礎・B1,30,verb,B1,日英,4択,characterize,特徴付ける,「特徴付ける」を表す英単語は？,characterize,confusion,finding,dare,「特徴付ける」は英語で characterize と言うよ。
107,高校生前半,高校基礎・B1,1,noun,B1,英日,4択,slope,坂・傾斜,「slope」の意味は？,坂・傾斜,完全な,問い合わせ,宇宙,slope は「坂・傾斜」という意味だよ。
107,高校生前半,高校基礎・B1,2,noun,B1,英日,4択,summit,頂上・首脳会議,「summit」の意味は？,頂上・首脳会議,問い合わせ,宇宙,激しい,summit は「頂上・首脳会議」という意味だよ。
107,高校生前半,高校基礎・B1,3,adjective,B1,英日,4択,absolute,完全な,「absolute」の意味は？,完全な,宇宙,激しい,ため息,absolute は「完全な」という意味だよ。
107,高校生前半,高校基礎・B1,4,noun,B1,英日,4択,inquiry,問い合わせ,「inquiry」の意味は？,問い合わせ,激しい,ため息,技術的な,inquiry は「問い合わせ」という意味だよ。
107,高校生前半,高校基礎・B1,5,noun,B1,英日,4択,universe,宇宙,「universe」の意味は？,宇宙,ため息,技術的な,サーバ,universe は「宇宙」という意味だよ。
107,高校生前半,高校基礎・B1,6,adjective,B1,英日,4択,intense,激しい,「intense」の意味は？,激しい,技術的な,サーバ,所持,intense は「激しい」という意味だよ。
107,高校生前半,高校基礎・B1,7,noun,B1,英日,4択,sigh,ため息,「sigh」の意味は？,ため息,サーバ,所持,複雑,sigh は「ため息」という意味だよ。
107,高校生前半,高校基礎・B1,8,adjective,B1,英日,4択,technological,技術的な,「technological」の意味は？,技術的な,所持,複雑,楽しい,technological は「技術的な」という意味だよ。
107,高校生前半,高校基礎・B1,9,noun,B1,英日,4択,server,サーバ,「server」の意味は？,サーバ,複雑,楽しい,学者,server は「サーバ」という意味だよ。
107,高校生前半,高校基礎・B1,10,noun,B1,英日,4択,possession,所持,「possession」の意味は？,所持,楽しい,学者,好んで,possession は「所持」という意味だよ。
107,高校生前半,高校基礎・B1,11,adjective,B1,英日,4択,complicated,複雑,「complicated」の意味は？,複雑,学者,好んで,予想外,complicated は「複雑」という意味だよ。
107,高校生前半,高校基礎・B1,12,adjective,B1,英日,4択,enjoyable,楽しい,「enjoyable」の意味は？,楽しい,好んで,予想外,正確に,enjoyable は「楽しい」という意味だよ。
107,高校生前半,高校基礎・B1,13,noun,B1,英日,4択,scholar,学者,「scholar」の意味は？,学者,予想外,正確に,リゾート,scholar は「学者」という意味だよ。
107,高校生前半,高校基礎・B1,14,adjective,B1,英日,4択,fond,好んで,「fond」の意味は？,好んで,正確に,リゾート,細長い一片・取り除く,fond は「好んで」という意味だよ。
107,高校生前半,高校基礎・B1,15,adjective,B1,英日,4択,unexpected,予想外,「unexpected」の意味は？,予想外,リゾート,細長い一片・取り除く,港,unexpected は「予想外」という意味だよ。
107,高校生前半,高校基礎・B1,16,adverb,B1,英日,4択,accurately,正確に,「accurately」の意味は？,正確に,細長い一片・取り除く,港,適度な,accurately は「正確に」という意味だよ。
107,高校生前半,高校基礎・B1,17,noun,B1,英日,4択,resort,リゾート,「resort」の意味は？,リゾート,港,適度な,カーテン,resort は「リゾート」という意味だよ。
107,高校生前半,高校基礎・B1,18,noun,B1,英日,4択,strip,細長い一片・取り除く,「strip」の意味は？,細長い一片・取り除く,適度な,カーテン,屋外,strip は「細長い一片・取り除く」という意味だよ。
107,高校生前半,高校基礎・B1,19,noun,B1,英日,4択,harbor,港,「harbor」の意味は？,港,カーテン,屋外,交流する,harbor は「港」という意味だよ。
107,高校生前半,高校基礎・B1,20,adjective,B1,英日,4択,moderate,適度な,「moderate」の意味は？,適度な,屋外,交流する,ワークショップ,moderate は「適度な」という意味だよ。
107,高校生前半,高校基礎・B1,21,noun,B1,日英,4択,curtain,カーテン,「カーテン」を表す英単語は？,curtain,interact,workshop,sponsor,「カーテン」は英語で curtain と言うよ。
107,高校生前半,高校基礎・B1,22,adjective,B1,日英,4択,outdoor,屋外,「屋外」を表す英単語は？,outdoor,workshop,sponsor,embarrass,「屋外」は英語で outdoor と言うよ。
107,高校生前半,高校基礎・B1,23,verb,B1,日英,4択,interact,交流する,「交流する」を表す英単語は？,interact,sponsor,embarrass,oxygen,「交流する」は英語で interact と言うよ。
107,高校生前半,高校基礎・B1,24,noun,B1,日英,4択,workshop,ワークショップ,「ワークショップ」を表す英単語は？,workshop,embarrass,oxygen,format,「ワークショップ」は英語で workshop と言うよ。
107,高校生前半,高校基礎・B1,25,noun,B1,日英,4択,sponsor,スポンサー,「スポンサー」を表す英単語は？,sponsor,oxygen,format,freely,「スポンサー」は英語で sponsor と言うよ。
107,高校生前半,高校基礎・B1,26,verb,B1,日英,4択,embarrass,恥ずかしい思いをさせる,「恥ずかしい思いをさせる」を表す英単語は？,embarrass,format,freely,puzzle,「恥ずかしい思いをさせる」は英語で embarrass と言うよ。
107,高校生前半,高校基礎・B1,27,noun,B1,日英,4択,oxygen,酸素,「酸素」を表す英単語は？,oxygen,freely,puzzle,slope,「酸素」は英語で oxygen と言うよ。
107,高校生前半,高校基礎・B1,28,noun,B1,日英,4択,format,形式,「形式」を表す英単語は？,format,puzzle,slope,summit,「形式」は英語で format と言うよ。
107,高校生前半,高校基礎・B1,29,adverb,B1,日英,4択,freely,自由に,「自由に」を表す英単語は？,freely,slope,summit,absolute,「自由に」は英語で freely と言うよ。
107,高校生前半,高校基礎・B1,30,noun,B1,日英,4択,puzzle,パズル,「パズル」を表す英単語は？,puzzle,summit,absolute,inquiry,「パズル」は英語で puzzle と言うよ。
108,高校生前半,高校基礎・B1,1,noun,B1,英日,4択,consumption,消費,「consumption」の意味は？,消費,ジム,翻訳する,うなずく,consumption は「消費」という意味だよ。
108,高校生前半,高校基礎・B1,2,noun,B1,英日,4択,exploration,探査,「exploration」の意味は？,探査,翻訳する,うなずく,着実に,exploration は「探査」という意味だよ。
108,高校生前半,高校基礎・B1,3,noun,B1,英日,4択,gym,ジム,「gym」の意味は？,ジム,うなずく,着実に,奨学金,gym は「ジム」という意味だよ。
108,高校生前半,高校基礎・B1,4,verb,B1,英日,4択,translate,翻訳する,「translate」の意味は？,翻訳する,着実に,奨学金,手術,translate は「翻訳する」という意味だよ。
108,高校生前半,高校基礎・B1,5,noun,B1,英日,4択,nod,うなずく,「nod」の意味は？,うなずく,奨学金,手術,吸収する,nod は「うなずく」という意味だよ。
108,高校生前半,高校基礎・B1,6,adverb,B1,英日,4択,steadily,着実に,「steadily」の意味は？,着実に,手術,吸収する,ファッショナブル,steadily は「着実に」という意味だよ。
108,高校生前半,高校基礎・B1,7,noun,B1,英日,4択,scholarship,奨学金,「scholarship」の意味は？,奨学金,吸収する,ファッショナブル,中断させる,scholarship は「奨学金」という意味だよ。
108,高校生前半,高校基礎・B1,8,noun,B1,英日,4択,surgery,手術,「surgery」の意味は？,手術,ファッショナブル,中断させる,安全に,surgery は「手術」という意味だよ。
108,高校生前半,高校基礎・B1,9,verb,B1,英日,4択,absorb,吸収する,「absorb」の意味は？,吸収する,中断させる,安全に,恥,absorb は「吸収する」という意味だよ。
108,高校生前半,高校基礎・B1,10,adjective,B1,英日,4択,fashionable,ファッショナブル,「fashionable」の意味は？,ファッショナブル,安全に,恥,難しい・やりがいのある,fashionable は「ファッショナブル」という意味だよ。
108,高校生前半,高校基礎・B1,11,verb,B1,英日,4択,interrupt,中断させる,「interrupt」の意味は？,中断させる,恥,難しい・やりがいのある,材料,interrupt は「中断させる」という意味だよ。
108,高校生前半,高校基礎・B1,12,adverb,B1,英日,4択,safely,安全に,「safely」の意味は？,安全に,難しい・やりがいのある,材料,その後,safely は「安全に」という意味だよ。
108,高校生前半,高校基礎・B1,13,noun,B1,英日,4択,shame,恥,「shame」の意味は？,恥,材料,その後,クライマー,shame は「恥」という意味だよ。
108,高校生前半,高校基礎・B1,14,adjective,B1,英日,4択,challenging,難しい・やりがいのある,「challenging」の意味は？,難しい・やりがいのある,その後,クライマー,落胆させる,challenging は「難しい・やりがいのある」という意味だよ。
108,高校生前半,高校基礎・B1,15,noun,B1,英日,4択,ingredient,材料,「ingredient」の意味は？,材料,クライマー,落胆させる,5番目,ingredient は「材料」という意味だよ。
108,高校生前半,高校基礎・B1,16,adverb,B1,英日,4択,afterwards,その後,「afterwards」の意味は？,その後,落胆させる,5番目,再利用,afterwards は「その後」という意味だよ。
108,高校生前半,高校基礎・B1,17,noun,B1,英日,4択,climber,クライマー,「climber」の意味は？,クライマー,5番目,再利用,不足,climber は「クライマー」という意味だよ。
108,高校生前半,高校基礎・B1,18,verb,B1,英日,4択,discourage,落胆させる,「discourage」の意味は？,落胆させる,再利用,不足,課題・割り当て,discourage は「落胆させる」という意味だよ。
108,高校生前半,高校基礎・B1,19,noun,B1,英日,4択,fifth,5番目,「fifth」の意味は？,5番目,不足,課題・割り当て,連続した,fifth は「5番目」という意味だよ。
108,高校生前半,高校基礎・B1,20,noun,B1,英日,4択,recycling,再利用,「recycling」の意味は？,再利用,課題・割り当て,連続した,ごみ,recycling は「再利用」という意味だよ。
108,高校生前半,高校基礎・B1,21,noun,B1,日英,4択,shortage,不足,「不足」を表す英単語は？,shortage,continuous,trash,excess,「不足」は英語で shortage と言うよ。
108,高校生前半,高校基礎・B1,22,noun,B1,日英,4択,assignment,課題・割り当て,「課題・割り当て」を表す英単語は？,assignment,trash,excess,hearing,「課題・割り当て」は英語で assignment と言うよ。
108,高校生前半,高校基礎・B1,23,adjective,B1,日英,4択,continuous,連続した,「連続した」を表す英単語は？,continuous,excess,hearing,lifelong,「連続した」は英語で continuous と言うよ。
108,高校生前半,高校基礎・B1,24,noun,B1,日英,4択,trash,ごみ,「ごみ」を表す英単語は？,trash,hearing,lifelong,performer,「ごみ」は英語で trash と言うよ。
108,高校生前半,高校基礎・B1,25,noun,B1,日英,4択,excess,過剰,「過剰」を表す英単語は？,excess,lifelong,performer,biology,「過剰」は英語で excess と言うよ。
108,高校生前半,高校基礎・B1,26,noun,B1,日英,4択,hearing,聴覚,「聴覚」を表す英単語は？,hearing,performer,biology,chemistry,「聴覚」は英語で hearing と言うよ。
108,高校生前半,高校基礎・B1,27,adjective,B1,日英,4択,lifelong,生涯,「生涯」を表す英単語は？,lifelong,biology,chemistry,consumption,「生涯」は英語で lifelong と言うよ。
108,高校生前半,高校基礎・B1,28,noun,B1,日英,4択,performer,演者,「演者」を表す英単語は？,performer,chemistry,consumption,exploration,「演者」は英語で performer と言うよ。
108,高校生前半,高校基礎・B1,29,noun,B1,日英,4択,biology,生物学,「生物学」を表す英単語は？,biology,consumption,exploration,gym,「生物学」は英語で biology と言うよ。
108,高校生前半,高校基礎・B1,30,noun,B1,日英,4択,chemistry,化学,「化学」を表す英単語は？,chemistry,exploration,gym,translate,「化学」は英語で chemistry と言うよ。
109,高校生前半,高校基礎・B1,1,noun,B1,英日,4択,yell,叫ぶ,「yell」の意味は？,叫ぶ,留め具・切り抜く,飛び込む,卒業,yell は「叫ぶ」という意味だよ。
109,高校生前半,高校基礎・B1,2,noun,B1,英日,4択,avenue,大通り・手段,「avenue」の意味は？,大通り・手段,飛び込む,卒業,録音,avenue は「大通り・手段」という意味だよ。
109,高校生前半,高校基礎・B1,3,noun,B1,英日,4択,clip,留め具・切り抜く,「clip」の意味は？,留め具・切り抜く,卒業,録音,文明,clip は「留め具・切り抜く」という意味だよ。
109,高校生前半,高校基礎・B1,4,noun,B1,英日,4択,dive,飛び込む,「dive」の意味は？,飛び込む,録音,文明,パイプ,dive は「飛び込む」という意味だよ。
109,高校生前半,高校基礎・B1,5,noun,B1,英日,4択,graduation,卒業,「graduation」の意味は？,卒業,文明,パイプ,屋外,graduation は「卒業」という意味だよ。
109,高校生前半,高校基礎・B1,6,noun,B1,英日,4択,recording,録音,「recording」の意味は？,録音,パイプ,屋外,範囲,recording は「録音」という意味だよ。
109,高校生前半,高校基礎・B1,7,noun,B1,英日,4択,civilization,文明,「civilization」の意味は？,文明,屋外,範囲,勇気,civilization は「文明」という意味だよ。
109,高校生前半,高校基礎・B1,8,noun,B1,英日,4択,pipe,パイプ,「pipe」の意味は？,パイプ,範囲,勇気,熱狂的,pipe は「パイプ」という意味だよ。
109,高校生前半,高校基礎・B1,9,adverb,B1,英日,4択,outdoors,屋外,「outdoors」の意味は？,屋外,勇気,熱狂的,愚かな,outdoors は「屋外」という意味だよ。
109,高校生前半,高校基礎・B1,10,noun,B1,英日,4択,scope,範囲,「scope」の意味は？,範囲,熱狂的,愚かな,添付・愛着,scope は「範囲」という意味だよ。
109,高校生前半,高校基礎・B1,11,noun,B1,英日,4択,courage,勇気,「courage」の意味は？,勇気,愚かな,添付・愛着,昼寝,courage は「勇気」という意味だよ。
109,高校生前半,高校基礎・B1,12,adjective,B1,英日,4択,enthusiastic,熱狂的,「enthusiastic」の意味は？,熱狂的,添付・愛着,昼寝,ろ過する・フィルター,enthusiastic は「熱狂的」という意味だよ。
109,高校生前半,高校基礎・B1,13,adjective,B1,英日,4択,foolish,愚かな,「foolish」の意味は？,愚かな,昼寝,ろ過する・フィルター,衛星,foolish は「愚かな」という意味だよ。
109,高校生前半,高校基礎・B1,14,noun,B1,英日,4択,attachment,添付・愛着,「attachment」の意味は？,添付・愛着,ろ過する・フィルター,衛星,意識している,attachment は「添付・愛着」という意味だよ。
109,高校生前半,高校基礎・B1,15,noun,B1,英日,4択,nap,昼寝,「nap」の意味は？,昼寝,衛星,意識している,不一致,nap は「昼寝」という意味だよ。
109,高校生前半,高校基礎・B1,16,noun,B1,英日,4択,filter,ろ過する・フィルター,「filter」の意味は？,ろ過する・フィルター,意識している,不一致,熱心な,filter は「ろ過する・フィルター」という意味だよ。
109,高校生前半,高校基礎・B1,17,noun,B1,英日,4択,satellite,衛星,「satellite」の意味は？,衛星,不一致,熱心な,楽しみ,satellite は「衛星」という意味だよ。
109,高校生前半,高校基礎・B1,18,adjective,B1,英日,4択,conscious,意識している,「conscious」の意味は？,意識している,熱心な,楽しみ,農業,conscious は「意識している」という意味だよ。
109,高校生前半,高校基礎・B1,19,noun,B1,英日,4択,disagreement,不一致,「disagreement」の意味は？,不一致,楽しみ,農業,最近,disagreement は「不一致」という意味だよ。
109,高校生前半,高校基礎・B1,20,adjective,B1,英日,4択,eager,熱心な,「eager」の意味は？,熱心な,農業,最近,詳しく調べる・走査する,eager は「熱心な」という意味だよ。
109,高校生前半,高校基礎・B1,21,noun,B1,日英,4択,enjoyment,楽しみ,「楽しみ」を表す英単語は？,enjoyment,lately,scan,innocent,「楽しみ」は英語で enjoyment と言うよ。
109,高校生前半,高校基礎・B1,22,noun,B1,日英,4択,farming,農業,「農業」を表す英単語は？,farming,scan,innocent,undergo,「農業」は英語で farming と言うよ。
109,高校生前半,高校基礎・B1,23,adverb,B1,日英,4択,lately,最近,「最近」を表す英単語は？,lately,innocent,undergo,scared,「最近」は英語で lately と言うよ。
109,高校生前半,高校基礎・B1,24,noun,B1,日英,4択,scan,詳しく調べる・走査する,「詳しく調べる・走査する」を表す英単語は？,scan,undergo,scared,spoil,「詳しく調べる・走査する」は英語で scan と言うよ。
109,高校生前半,高校基礎・B1,25,adjective,B1,日英,4択,innocent,無実の,「無実の」を表す英単語は？,innocent,scared,spoil,sticky,「無実の」は英語で innocent と言うよ。
109,高校生前半,高校基礎・B1,26,verb,B1,日英,4択,undergo,受ける,「受ける」を表す英単語は？,undergo,spoil,sticky,workplace,「受ける」は英語で undergo と言うよ。
109,高校生前半,高校基礎・B1,27,adjective,B1,日英,4択,scared,怖がった,「怖がった」を表す英単語は？,scared,sticky,workplace,yell,「怖がった」は英語で scared と言うよ。
109,高校生前半,高校基礎・B1,28,verb,B1,日英,4択,spoil,台無しにする,「台無しにする」を表す英単語は？,spoil,workplace,yell,avenue,「台無しにする」は英語で spoil と言うよ。
109,高校生前半,高校基礎・B1,29,adjective,B1,日英,4択,sticky,べたべた,「べたべた」を表す英単語は？,sticky,yell,avenue,clip,「べたべた」は英語で sticky と言うよ。
109,高校生前半,高校基礎・B1,30,noun,B1,日英,4択,workplace,職場,「職場」を表す英単語は？,workplace,avenue,clip,dive,「職場」は英語で workplace と言うよ。
110,高校生前半,高校基礎・B1,1,adjective,B1,英日,4択,miserable,惨めな,「miserable」の意味は？,惨めな,同様に,締切,幸運な,miserable は「惨めな」という意味だよ。
110,高校生前半,高校基礎・B1,2,adjective,B1,英日,4択,painful,痛い,「painful」の意味は？,痛い,締切,幸運な,移住・入国管理,painful は「痛い」という意味だよ。
110,高校生前半,高校基礎・B1,3,adjective,B1,英日,4択,alike,同様に,「alike」の意味は？,同様に,幸運な,移住・入国管理,貴重な,alike は「同様に」という意味だよ。
110,高校生前半,高校基礎・B1,4,noun,B1,英日,4択,deadline,締切,「deadline」の意味は？,締切,移住・入国管理,貴重な,二言語を話す,deadline は「締切」という意味だよ。
110,高校生前半,高校基礎・B1,5,adjective,B1,英日,4択,fortunate,幸運な,「fortunate」の意味は？,幸運な,貴重な,二言語を話す,ダイビング,fortunate は「幸運な」という意味だよ。
110,高校生前半,高校基礎・B1,6,noun,B1,英日,4択,immigration,移住・入国管理,「immigration」の意味は？,移住・入国管理,二言語を話す,ダイビング,ドキュメンタリー,immigration は「移住・入国管理」という意味だよ。
110,高校生前半,高校基礎・B1,7,adjective,B1,英日,4択,precious,貴重な,「precious」の意味は？,貴重な,ダイビング,ドキュメンタリー,熱帯雨林,precious は「貴重な」という意味だよ。
110,高校生前半,高校基礎・B1,8,adjective,B1,英日,4択,bilingual,二言語を話す,「bilingual」の意味は？,二言語を話す,ドキュメンタリー,熱帯雨林,権限,bilingual は「二言語を話す」という意味だよ。
110,高校生前半,高校基礎・B1,9,noun,B1,英日,4択,diving,ダイビング,「diving」の意味は？,ダイビング,熱帯雨林,権限,疲れ果てた,diving は「ダイビング」という意味だよ。
110,高校生前半,高校基礎・B1,10,noun,B1,英日,4択,documentary,ドキュメンタリー,「documentary」の意味は？,ドキュメンタリー,権限,疲れ果てた,誤解,documentary は「ドキュメンタリー」という意味だよ。
110,高校生前半,高校基礎・B1,11,noun,B1,英日,4択,rainforest,熱帯雨林,「rainforest」の意味は？,熱帯雨林,疲れ果てた,誤解,オーケストラ,rainforest は「熱帯雨林」という意味だよ。
110,高校生前半,高校基礎・B1,12,noun,B1,英日,4択,authority,権限,「authority」の意味は？,権限,誤解,オーケストラ,場面・設定,authority は「権限」という意味だよ。
110,高校生前半,高校基礎・B1,13,adjective,B1,英日,4択,exhausted,疲れ果てた,「exhausted」の意味は？,疲れ果てた,オーケストラ,場面・設定,優れた,exhausted は「疲れ果てた」という意味だよ。
110,高校生前半,高校基礎・B1,14,noun,B1,英日,4択,misunderstanding,誤解,「misunderstanding」の意味は？,誤解,場面・設定,優れた,汗,misunderstanding は「誤解」という意味だよ。
110,高校生前半,高校基礎・B1,15,noun,B1,英日,4択,orchestra,オーケストラ,「orchestra」の意味は？,オーケストラ,優れた,汗,働く・作業の,orchestra は「オーケストラ」という意味だよ。
110,高校生前半,高校基礎・B1,16,noun,B1,英日,4択,setting,場面・設定,「setting」の意味は？,場面・設定,汗,働く・作業の,お辞儀する・弓,setting は「場面・設定」という意味だよ。
110,高校生前半,高校基礎・B1,17,adjective,B1,英日,4択,superior,優れた,「superior」の意味は？,優れた,働く・作業の,お辞儀する・弓,指導,superior は「優れた」という意味だよ。
110,高校生前半,高校基礎・B1,18,noun,B1,英日,4択,sweat,汗,「sweat」の意味は？,汗,お辞儀する・弓,指導,間隔,sweat は「汗」という意味だよ。
110,高校生前半,高校基礎・B1,19,adjective,B1,英日,4択,working,働く・作業の,「working」の意味は？,働く・作業の,指導,間隔,アップロード,working は「働く・作業の」という意味だよ。
110,高校生前半,高校基礎・B1,20,noun,B1,英日,4択,bow,お辞儀する・弓,「bow」の意味は？,お辞儀する・弓,間隔,アップロード,バーチャル,bow は「お辞儀する・弓」という意味だよ。
110,高校生前半,高校基礎・B1,21,noun,B1,日英,4択,guidance,指導,「指導」を表す英単語は？,guidance,upload,virtual,annoyed,「指導」は英語で guidance と言うよ。
110,高校生前半,高校基礎・B1,22,noun,B1,日英,4択,interval,間隔,「間隔」を表す英単語は？,interval,virtual,annoyed,uncertainty,「間隔」は英語で interval と言うよ。
110,高校生前半,高校基礎・B1,23,verb,B1,日英,4択,upload,アップロード,「アップロード」を表す英単語は？,upload,annoyed,uncertainty,departure,「アップロード」は英語で upload と言うよ。
110,高校生前半,高校基礎・B1,24,adjective,B1,日英,4択,virtual,バーチャル,「バーチャル」を表す英単語は？,virtual,uncertainty,departure,detective,「バーチャル」は英語で virtual と言うよ。
110,高校生前半,高校基礎・B1,25,adjective,B1,日英,4択,annoyed,いら立った,「いら立った」を表す英単語は？,annoyed,departure,detective,diver,「いら立った」は英語で annoyed と言うよ。
110,高校生前半,高校基礎・B1,26,noun,B1,日英,4択,uncertainty,不確実性,「不確実性」を表す英単語は？,uncertainty,detective,diver,embarrassed,「不確実性」は英語で uncertainty と言うよ。
110,高校生前半,高校基礎・B1,27,noun,B1,日英,4択,departure,出発,「出発」を表す英単語は？,departure,diver,embarrassed,miserable,「出発」は英語で departure と言うよ。
110,高校生前半,高校基礎・B1,28,noun,B1,日英,4択,detective,探偵,「探偵」を表す英単語は？,detective,embarrassed,miserable,painful,「探偵」は英語で detective と言うよ。
110,高校生前半,高校基礎・B1,29,noun,B1,日英,4択,diver,ダイバー,「ダイバー」を表す英単語は？,diver,miserable,painful,alike,「ダイバー」は英語で diver と言うよ。
110,高校生前半,高校基礎・B1,30,adjective,B1,日英,4択,embarrassed,恥ずかしい,「恥ずかしい」を表す英単語は？,embarrassed,painful,alike,deadline,「恥ずかしい」は英語で embarrassed と言うよ。
111,高校生前半,高校基礎・B1,1,noun,B1,英日,4択,gardening,園芸,「gardening」の意味は？,園芸,インストラクター,原始的な,プライバシー,gardening は「園芸」という意味だよ。
111,高校生前半,高校基礎・B1,2,adjective,B1,英日,4択,incredible,信じられない,「incredible」の意味は？,信じられない,原始的な,プライバシー,いつか,incredible は「信じられない」という意味だよ。
111,高校生前半,高校基礎・B1,3,noun,B1,英日,4択,instructor,インストラクター,「instructor」の意味は？,インストラクター,プライバシー,いつか,奇妙なことに,instructor は「インストラクター」という意味だよ。
111,高校生前半,高校基礎・B1,4,adjective,B1,英日,4択,primitive,原始的な,「primitive」の意味は？,原始的な,いつか,奇妙なことに,スイマー,primitive は「原始的な」という意味だよ。
111,高校生前半,高校基礎・B1,5,noun,B1,英日,4択,privacy,プライバシー,「privacy」の意味は？,プライバシー,奇妙なことに,スイマー,団結する,privacy は「プライバシー」という意味だよ。
111,高校生前半,高校基礎・B1,6,adverb,B1,英日,4択,sometime,いつか,「sometime」の意味は？,いつか,スイマー,団結する,正確さ,sometime は「いつか」という意味だよ。
111,高校生前半,高校基礎・B1,7,adverb,B1,英日,4択,strangely,奇妙なことに,「strangely」の意味は？,奇妙なことに,団結する,正確さ,紛らわしい,strangely は「奇妙なことに」という意味だよ。
111,高校生前半,高校基礎・B1,8,noun,B1,英日,4択,swimmer,スイマー,「swimmer」の意味は？,スイマー,正確さ,紛らわしい,奇妙な,swimmer は「スイマー」という意味だよ。
111,高校生前半,高校基礎・B1,9,verb,B1,英日,4択,unite,団結する,「unite」の意味は？,団結する,紛らわしい,奇妙な,逆に,unite は「団結する」という意味だよ。
111,高校生前半,高校基礎・B1,10,noun,B1,英日,4択,accuracy,正確さ,「accuracy」の意味は？,正確さ,奇妙な,逆に,喜んだ,accuracy は「正確さ」という意味だよ。
111,高校生前半,高校基礎・B1,11,adjective,B1,英日,4択,confusing,紛らわしい,「confusing」の意味は？,紛らわしい,逆に,喜んだ,電気の,confusing は「紛らわしい」という意味だよ。
111,高校生前半,高校基礎・B1,12,adjective,B1,英日,4択,weird,奇妙な,「weird」の意味は？,奇妙な,喜んだ,電気の,イライラする,weird は「奇妙な」という意味だよ。
111,高校生前半,高校基礎・B1,13,adjective,B1,英日,4択,contrary,逆に,「contrary」の意味は？,逆に,電気の,イライラする,地理,contrary は「逆に」という意味だよ。
111,高校生前半,高校基礎・B1,14,adjective,B1,英日,4択,delighted,喜んだ,「delighted」の意味は？,喜んだ,イライラする,地理,温室,delighted は「喜んだ」という意味だよ。
111,高校生前半,高校基礎・B1,15,adjective,B1,英日,4択,electrical,電気の,「electrical」の意味は？,電気の,地理,温室,人類,electrical は「電気の」という意味だよ。
111,高校生前半,高校基礎・B1,16,adjective,B1,英日,4択,frustrated,イライラする,「frustrated」の意味は？,イライラする,温室,人類,模倣する,frustrated は「イライラする」という意味だよ。
111,高校生前半,高校基礎・B1,17,noun,B1,英日,4択,geography,地理,「geography」の意味は？,地理,人類,模倣する,ロゴ,geography は「地理」という意味だよ。
111,高校生前半,高校基礎・B1,18,noun,B1,英日,4択,greenhouse,温室,「greenhouse」の意味は？,温室,模倣する,ロゴ,障害,greenhouse は「温室」という意味だよ。
111,高校生前半,高校基礎・B1,19,noun,B1,英日,4択,humanity,人類,「humanity」の意味は？,人類,ロゴ,障害,自分,humanity は「人類」という意味だよ。
111,高校生前半,高校基礎・B1,20,verb,B1,英日,4択,imitate,模倣する,「imitate」の意味は？,模倣する,障害,自分,外側,imitate は「模倣する」という意味だよ。
111,高校生前半,高校基礎・B1,21,noun,B1,日英,4択,logo,ロゴ,「ロゴ」を表す英単語は？,logo,oneself,outer,overnight,「ロゴ」は英語で logo と言うよ。
111,高校生前半,高校基礎・B1,22,noun,B1,日英,4択,obstacle,障害,「障害」を表す英単語は？,obstacle,outer,overnight,passive,「障害」は英語で obstacle と言うよ。
111,高校生前半,高校基礎・B1,23,pronoun,B1,日英,4択,oneself,自分,「自分」を表す英単語は？,oneself,overnight,passive,password,「自分」は英語で oneself と言うよ。
111,高校生前半,高校基礎・B1,24,adjective,B1,日英,4択,outer,外側,「外側」を表す英単語は？,outer,passive,password,positively,「外側」は英語で outer と言うよ。
111,高校生前半,高校基礎・B1,25,adjective,B1,日英,4択,overnight,一晩中,「一晩中」を表す英単語は？,overnight,password,positively,prepared,「一晩中」は英語で overnight と言うよ。
111,高校生前半,高校基礎・B1,26,adjective,B1,日英,4択,passive,受け身の,「受け身の」を表す英単語は？,passive,positively,prepared,rearrange,「受け身の」は英語で passive と言うよ。
111,高校生前半,高校基礎・B1,27,noun,B1,日英,4択,password,パスワード,「パスワード」を表す英単語は？,password,prepared,rearrange,gardening,「パスワード」は英語で password と言うよ。
111,高校生前半,高校基礎・B1,28,adverb,B1,日英,4択,positively,肯定的に,「肯定的に」を表す英単語は？,positively,rearrange,gardening,incredible,「肯定的に」は英語で positively と言うよ。
111,高校生前半,高校基礎・B1,29,adjective,B1,日英,4択,prepared,準備した,「準備した」を表す英単語は？,prepared,gardening,incredible,instructor,「準備した」は英語で prepared と言うよ。
111,高校生前半,高校基礎・B1,30,verb,B1,日英,4択,rearrange,再配置,「再配置」を表す英単語は？,rearrange,incredible,instructor,primitive,「再配置」は英語で rearrange と言うよ。
112,高校生前半,高校基礎・B1,1,verb,B1,英日,4択,resemble,似ている,「resemble」の意味は？,似ている,ひどく,警告,不正確な,resemble は「似ている」という意味だよ。
112,高校生前半,高校基礎・B1,2,adjective,B1,英日,4択,shocking,ショッキング,「shocking」の意味は？,ショッキング,警告,不正確な,機械式,shocking は「ショッキング」という意味だよ。
112,高校生前半,高校基礎・B1,3,adverb,B1,英日,4択,terribly,ひどく,「terribly」の意味は？,ひどく,不正確な,機械式,感謝,terribly は「ひどく」という意味だよ。
112,高校生前半,高校基礎・B1,4,noun,B1,英日,4択,warning,警告,「warning」の意味は？,警告,機械式,感謝,陽気な,warning は「警告」という意味だよ。
112,高校生前半,高校基礎・B1,5,adjective,B1,英日,4択,incorrect,不正確な,「incorrect」の意味は？,不正確な,感謝,陽気な,階下,incorrect は「不正確な」という意味だよ。
112,高校生前半,高校基礎・B1,6,adjective,B1,英日,4択,mechanical,機械式,「mechanical」の意味は？,機械式,陽気な,階下,寛大,mechanical は「機械式」という意味だよ。
112,高校生前半,高校基礎・B1,7,noun,B1,英日,4択,appreciation,感謝,「appreciation」の意味は？,感謝,階下,寛大,意味のある,appreciation は「感謝」という意味だよ。
112,高校生前半,高校基礎・B1,8,adjective,B1,英日,4択,cheerful,陽気な,「cheerful」の意味は？,陽気な,寛大,意味のある,記憶に残る,cheerful は「陽気な」という意味だよ。
112,高校生前半,高校基礎・B1,9,adjective,B1,英日,4択,downstairs,階下,「downstairs」の意味は？,階下,意味のある,記憶に残る,軽度,downstairs は「階下」という意味だよ。
112,高校生前半,高校基礎・B1,10,adjective,B1,英日,4択,generous,寛大,「generous」の意味は？,寛大,記憶に残る,軽度,繰り返し,generous は「寛大」という意味だよ。
112,高校生前半,高校基礎・B1,11,adjective,B1,英日,4択,meaningful,意味のある,「meaningful」の意味は？,意味のある,軽度,繰り返し,叱る,meaningful は「意味のある」という意味だよ。
112,高校生前半,高校基礎・B1,12,adjective,B1,英日,4択,memorable,記憶に残る,「memorable」の意味は？,記憶に残る,繰り返し,叱る,傷,memorable は「記憶に残る」という意味だよ。
112,高校生前半,高校基礎・B1,13,adjective,B1,英日,4択,mild,軽度,「mild」の意味は？,軽度,叱る,傷,スローガン,mild は「軽度」という意味だよ。
112,高校生前半,高校基礎・B1,14,adverb,B1,英日,4択,repeatedly,繰り返し,「repeatedly」の意味は？,繰り返し,傷,スローガン,痛み,repeatedly は「繰り返し」という意味だよ。
112,高校生前半,高校基礎・B1,15,verb,B1,英日,4択,scold,叱る,「scold」の意味は？,叱る,スローガン,痛み,2階,scold は「叱る」という意味だよ。
112,高校生前半,高校基礎・B1,16,noun,B1,英日,4択,scratch,傷,「scratch」の意味は？,傷,痛み,2階,不在,scratch は「傷」という意味だよ。
112,高校生前半,高校基礎・B1,17,noun,B1,英日,4択,slogan,スローガン,「slogan」の意味は？,スローガン,2階,不在,賞賛,slogan は「スローガン」という意味だよ。
112,高校生前半,高校基礎・B1,18,adjective,B1,英日,4択,sore,痛み,「sore」の意味は？,痛み,不在,賞賛,入場・入学許可,sore は「痛み」という意味だよ。
112,高校生前半,高校基礎・B1,19,adjective,B1,英日,4択,upstairs,2階,「upstairs」の意味は？,2階,賞賛,入場・入学許可,驚いた,upstairs は「2階」という意味だよ。
112,高校生前半,高校基礎・B1,20,adjective,B1,英日,4択,absent,不在,「absent」の意味は？,不在,入場・入学許可,驚いた,芸術的,absent は「不在」という意味だよ。
112,高校生前半,高校基礎・B1,21,noun,B1,日英,4択,admiration,賞賛,「賞賛」を表す英単語は？,admiration,amazed,artistic,casual,「賞賛」は英語で admiration と言うよ。
112,高校生前半,高校基礎・B1,22,noun,B1,日英,4択,admission,入場・入学許可,「入場・入学許可」を表す英単語は？,admission,artistic,casual,curiously,「入場・入学許可」は英語で admission と言うよ。
112,高校生前半,高校基礎・B1,23,adjective,B1,日英,4択,amazed,驚いた,「驚いた」を表す英単語は？,amazed,casual,curiously,delightful,「驚いた」は英語で amazed と言うよ。
112,高校生前半,高校基礎・B1,24,adjective,B1,日英,4択,artistic,芸術的,「芸術的」を表す英単語は？,artistic,curiously,delightful,eco,「芸術的」は英語で artistic と言うよ。
112,高校生前半,高校基礎・B1,25,adjective,B1,日英,4択,casual,カジュアル,「カジュアル」を表す英単語は？,casual,delightful,eco,ecosystem,「カジュアル」は英語で casual と言うよ。
112,高校生前半,高校基礎・B1,26,adverb,B1,日英,4択,curiously,不思議なことに,「不思議なことに」を表す英単語は？,curiously,eco,ecosystem,enthusiasm,「不思議なことに」は英語で curiously と言うよ。
112,高校生前半,高校基礎・B1,27,adjective,B1,日英,4択,delightful,楽しい,「楽しい」を表す英単語は？,delightful,ecosystem,enthusiasm,resemble,「楽しい」は英語で delightful と言うよ。
112,高校生前半,高校基礎・B1,28,noun,B1,日英,4択,eco,エコ,「エコ」を表す英単語は？,eco,enthusiasm,resemble,shocking,「エコ」は英語で eco と言うよ。
112,高校生前半,高校基礎・B1,29,noun,B1,日英,4択,ecosystem,生態系,「生態系」を表す英単語は？,ecosystem,resemble,shocking,terribly,「生態系」は英語で ecosystem と言うよ。
112,高校生前半,高校基礎・B1,30,noun,B1,日英,4択,enthusiasm,熱意,「熱意」を表す英単語は？,enthusiasm,shocking,terribly,warning,「熱意」は英語で enthusiasm と言うよ。
113,高校生前半,高校標準・B1,1,noun,B1,英日,4択,farmland,農地,「farmland」の意味は？,農地,挨拶,湿気が多い,関与した,farmland は「農地」という意味だよ。
113,高校生前半,高校標準・B1,2,noun,B1,英日,4択,ferry,フェリー,「ferry」の意味は？,フェリー,湿気が多い,関与した,整備士,ferry は「フェリー」という意味だよ。
113,高校生前半,高校標準・B1,3,noun,B1,英日,4択,greeting,挨拶,「greeting」の意味は？,挨拶,関与した,整備士,鉱物,greeting は「挨拶」という意味だよ。
113,高校生前半,高校標準・B1,4,adjective,B1,英日,4択,humid,湿気が多い,「humid」の意味は？,湿気が多い,整備士,鉱物,水分,humid は「湿気が多い」という意味だよ。
113,高校生前半,高校標準・B1,5,adjective,B1,英日,4択,involved,関与した,「involved」の意味は？,関与した,鉱物,水分,攻撃的な・不快な,involved は「関与した」という意味だよ。
113,高校生前半,高校標準・B1,6,noun,B1,英日,4択,mechanic,整備士,「mechanic」の意味は？,整備士,水分,攻撃的な・不快な,物理,mechanic は「整備士」という意味だよ。
113,高校生前半,高校標準・B1,7,noun,B1,英日,4択,mineral,鉱物,「mineral」の意味は？,鉱物,攻撃的な・不快な,物理,アンケート,mineral は「鉱物」という意味だよ。
113,高校生前半,高校標準・B1,8,noun,B1,英日,4択,moisture,水分,「moisture」の意味は？,水分,物理,アンケート,受付,moisture は「水分」という意味だよ。
113,高校生前半,高校標準・B1,9,adjective,B1,英日,4択,offensive,攻撃的な・不快な,「offensive」の意味は？,攻撃的な・不快な,アンケート,受付,再現する・繁殖する,offensive は「攻撃的な・不快な」という意味だよ。
113,高校生前半,高校標準・B1,10,noun,B1,英日,4択,physics,物理,「physics」の意味は？,物理,受付,再現する・繁殖する,ばかげている,physics は「物理」という意味だよ。
113,高校生前半,高校標準・B1,11,noun,B1,英日,4択,questionnaire,アンケート,「questionnaire」の意味は？,アンケート,再現する・繁殖する,ばかげている,怖い,questionnaire は「アンケート」という意味だよ。
113,高校生前半,高校標準・B1,12,noun,B1,英日,4択,reception,受付,「reception」の意味は？,受付,ばかげている,怖い,スタイリッシュ,reception は「受付」という意味だよ。
113,高校生前半,高校標準・B1,13,verb,B1,英日,4択,reproduce,再現する・繁殖する,「reproduce」の意味は？,再現する・繁殖する,怖い,スタイリッシュ,同情,reproduce は「再現する・繁殖する」という意味だよ。
113,高校生前半,高校標準・B1,14,adjective,B1,英日,4択,ridiculous,ばかげている,「ridiculous」の意味は？,ばかげている,スタイリッシュ,同情,教えること,ridiculous は「ばかげている」という意味だよ。
113,高校生前半,高校標準・B1,15,adjective,B1,英日,4択,scary,怖い,「scary」の意味は？,怖い,同情,教えること,緊張した・時制,scary は「怖い」という意味だよ。
113,高校生前半,高校標準・B1,16,adjective,B1,英日,4択,stylish,スタイリッシュ,「stylish」の意味は？,スタイリッシュ,教えること,緊張した・時制,悲劇,stylish は「スタイリッシュ」という意味だよ。
113,高校生前半,高校標準・B1,17,noun,B1,英日,4択,sympathy,同情,「sympathy」の意味は？,同情,緊張した・時制,悲劇,望ましくない,sympathy は「同情」という意味だよ。
113,高校生前半,高校標準・B1,18,noun,B1,英日,4択,teaching,教えること,「teaching」の意味は？,教えること,悲劇,望ましくない,緊急,teaching は「教えること」という意味だよ。
113,高校生前半,高校標準・B1,19,adjective,B1,英日,4択,tense,緊張した・時制,「tense」の意味は？,緊張した・時制,望ましくない,緊急,ラッピング,tense は「緊張した・時制」という意味だよ。
113,高校生前半,高校標準・B1,20,noun,B1,英日,4択,tragedy,悲劇,「tragedy」の意味は？,悲劇,緊急,ラッピング,暗記する,tragedy は「悲劇」という意味だよ。
113,高校生前半,高校標準・B1,21,adjective,B1,日英,4択,unwanted,望ましくない,「望ましくない」を表す英単語は？,unwanted,wrapping,memorize,paradise,「望ましくない」は英語で unwanted と言うよ。
113,高校生前半,高校標準・B1,22,adjective,B1,日英,4択,urgent,緊急,「緊急」を表す英単語は？,urgent,memorize,paradise,agriculture,「緊急」は英語で urgent と言うよ。
113,高校生前半,高校標準・B1,23,noun,B1,日英,4択,wrapping,ラッピング,「ラッピング」を表す英単語は？,wrapping,paradise,agriculture,behalf,「ラッピング」は英語で wrapping と言うよ。
113,高校生前半,高校標準・B1,24,verb,B1,日英,4択,memorize,暗記する,「暗記する」を表す英単語は？,memorize,agriculture,behalf,classify,「暗記する」は英語で memorize と言うよ。
113,高校生前半,高校標準・B1,25,noun,B1,日英,4択,paradise,パラダイス,「パラダイス」を表す英単語は？,paradise,behalf,classify,companion,「パラダイス」は英語で paradise と言うよ。
113,高校生前半,高校標準・B1,26,noun,B1,日英,4択,agriculture,農業,「農業」を表す英単語は？,agriculture,classify,companion,cure,「農業」は英語で agriculture と言うよ。
113,高校生前半,高校標準・B1,27,noun,B1,日英,4択,behalf,代理・利益,「代理・利益」を表す英単語は？,behalf,companion,cure,farmland,「代理・利益」は英語で behalf と言うよ。
113,高校生前半,高校標準・B1,28,verb,B1,日英,4択,classify,分類する,「分類する」を表す英単語は？,classify,cure,farmland,ferry,「分類する」は英語で classify と言うよ。
113,高校生前半,高校標準・B1,29,noun,B1,日英,4択,companion,仲間,「仲間」を表す英単語は？,companion,farmland,ferry,greeting,「仲間」は英語で companion と言うよ。
113,高校生前半,高校標準・B1,30,noun,B1,日英,4択,cure,治す,「治す」を表す英単語は？,cure,ferry,greeting,humid,「治す」は英語で cure と言うよ。
114,高校生前半,高校標準・B1,1,noun,B1,英日,4択,engineering,工学,「engineering」の意味は？,工学,集中的な,嫉妬深い,丁寧に,engineering は「工学」という意味だよ。
114,高校生前半,高校標準・B1,2,adverb,B1,英日,4択,incredibly,信じられないほど,「incredibly」の意味は？,信じられないほど,嫉妬深い,丁寧に,現実的な,incredibly は「信じられないほど」という意味だよ。
114,高校生前半,高校標準・B1,3,adjective,B1,英日,4択,intensive,集中的な,「intensive」の意味は？,集中的な,丁寧に,現実的な,神聖な,intensive は「集中的な」という意味だよ。
114,高校生前半,高校標準・B1,4,adjective,B1,英日,4択,jealous,嫉妬深い,「jealous」の意味は？,嫉妬深い,現実的な,神聖な,スリーブ,jealous は「嫉妬深い」という意味だよ。
114,高校生前半,高校標準・B1,5,adverb,B1,英日,4択,politely,丁寧に,「politely」の意味は？,丁寧に,神聖な,スリーブ,迷信,politely は「丁寧に」という意味だよ。
114,高校生前半,高校標準・B1,6,adjective,B1,英日,4択,realistic,現実的な,「realistic」の意味は？,現実的な,スリーブ,迷信,才能のある,realistic は「現実的な」という意味だよ。
114,高校生前半,高校標準・B1,7,adjective,B1,英日,4択,sacred,神聖な,「sacred」の意味は？,神聖な,迷信,才能のある,チームメイト,sacred は「神聖な」という意味だよ。
114,高校生前半,高校標準・B1,8,noun,B1,英日,4択,sleeve,スリーブ,「sleeve」の意味は？,スリーブ,才能のある,チームメイト,ターミナル,sleeve は「スリーブ」という意味だよ。
114,高校生前半,高校標準・B1,9,noun,B1,英日,4択,superstition,迷信,「superstition」の意味は？,迷信,チームメイト,ターミナル,伝統的に,superstition は「迷信」という意味だよ。
114,高校生前半,高校標準・B1,10,adjective,B1,英日,4択,talented,才能のある,「talented」の意味は？,才能のある,ターミナル,伝統的に,偶然に,talented は「才能のある」という意味だよ。
114,高校生前半,高校標準・B1,11,noun,B1,英日,4択,teammate,チームメイト,「teammate」の意味は？,チームメイト,伝統的に,偶然に,気まずい,teammate は「チームメイト」という意味だよ。
114,高校生前半,高校標準・B1,12,noun,B1,英日,4択,terminal,ターミナル,「terminal」の意味は？,ターミナル,偶然に,気まずい,入浴する,terminal は「ターミナル」という意味だよ。
114,高校生前半,高校標準・B1,13,adverb,B1,英日,4択,traditionally,伝統的に,「traditionally」の意味は？,伝統的に,気まずい,入浴する,クリニック,traditionally は「伝統的に」という意味だよ。
114,高校生前半,高校標準・B1,14,adverb,B1,英日,4択,accidentally,偶然に,「accidentally」の意味は？,偶然に,入浴する,クリニック,征服する,accidentally は「偶然に」という意味だよ。
114,高校生前半,高校標準・B1,15,adjective,B1,英日,4択,awkward,気まずい,「awkward」の意味は？,気まずい,クリニック,征服する,消去,awkward は「気まずい」という意味だよ。
114,高校生前半,高校標準・B1,16,verb,B1,英日,4択,bathe,入浴する,「bathe」の意味は？,入浴する,征服する,消去,対話,bathe は「入浴する」という意味だよ。
114,高校生前半,高校標準・B1,17,noun,B1,英日,4択,clinic,クリニック,「clinic」の意味は？,クリニック,消去,対話,失望,clinic は「クリニック」という意味だよ。
114,高校生前半,高校標準・B1,18,verb,B1,英日,4択,conquer,征服する,「conquer」の意味は？,征服する,対話,失望,退屈な・鈍い,conquer は「征服する」という意味だよ。
114,高校生前半,高校標準・B1,19,verb,B1,英日,4択,delete,消去,「delete」の意味は？,消去,失望,退屈な・鈍い,励まし,delete は「消去」という意味だよ。
114,高校生前半,高校標準・B1,20,noun,B1,英日,4択,dialogue,対話,「dialogue」の意味は？,対話,退屈な・鈍い,励まし,視力,dialogue は「対話」という意味だよ。
114,高校生前半,高校標準・B1,21,noun,B1,日英,4択,disappointment,失望,「失望」を表す英単語は？,disappointment,encouragement,eyesight,flock,「失望」は英語で disappointment と言うよ。
114,高校生前半,高校標準・B1,22,adjective,B1,日英,4択,dull,退屈な・鈍い,「退屈な・鈍い」を表す英単語は？,dull,eyesight,flock,frustration,「退屈な・鈍い」は英語で dull と言うよ。
114,高校生前半,高校標準・B1,23,noun,B1,日英,4択,encouragement,励まし,「励まし」を表す英単語は？,encouragement,flock,frustration,imaginary,「励まし」は英語で encouragement と言うよ。
114,高校生前半,高校標準・B1,24,noun,B1,日英,4択,eyesight,視力,「視力」を表す英単語は？,eyesight,frustration,imaginary,librarian,「視力」は英語で eyesight と言うよ。
114,高校生前半,高校標準・B1,25,noun,B1,日英,4択,flock,群れ,「群れ」を表す英単語は？,flock,imaginary,librarian,lightning,「群れ」は英語で flock と言うよ。
114,高校生前半,高校標準・B1,26,noun,B1,日英,4択,frustration,欲求不満,「欲求不満」を表す英単語は？,frustration,librarian,lightning,magnificent,「欲求不満」は英語で frustration と言うよ。
114,高校生前半,高校標準・B1,27,adjective,B1,日英,4択,imaginary,想像上の,「想像上の」を表す英単語は？,imaginary,lightning,magnificent,engineering,「想像上の」は英語で imaginary と言うよ。
114,高校生前半,高校標準・B1,28,noun,B1,日英,4択,librarian,司書,「司書」を表す英単語は？,librarian,magnificent,engineering,incredibly,「司書」は英語で librarian と言うよ。
114,高校生前半,高校標準・B1,29,noun,B1,日英,4択,lightning,稲妻,「稲妻」を表す英単語は？,lightning,engineering,incredibly,intensive,「稲妻」は英語で lightning と言うよ。
114,高校生前半,高校標準・B1,30,adjective,B1,日英,4択,magnificent,壮大,「壮大」を表す英単語は？,magnificent,incredibly,intensive,jealous,「壮大」は英語で magnificent と言うよ。
115,高校生前半,高校標準・B1,1,adverb,B1,英日,4択,mentally,精神的に,「mentally」の意味は？,精神的に,ナンセンス,生産的,降雨,mentally は「精神的に」という意味だよ。
115,高校生前半,高校標準・B1,2,noun,B1,英日,4択,newcomer,新人,「newcomer」の意味は？,新人,生産的,降雨,書き直す,newcomer は「新人」という意味だよ。
115,高校生前半,高校標準・B1,3,noun,B1,英日,4択,nonsense,ナンセンス,「nonsense」の意味は？,ナンセンス,降雨,書き直す,まもなく,nonsense は「ナンセンス」という意味だよ。
115,高校生前半,高校標準・B1,4,adjective,B1,英日,4択,productive,生産的,「productive」の意味は？,生産的,書き直す,まもなく,病気,productive は「生産的」という意味だよ。
115,高校生前半,高校標準・B1,5,noun,B1,英日,4択,rainfall,降雨,「rainfall」の意味は？,降雨,まもなく,病気,観客,rainfall は「降雨」という意味だよ。
115,高校生前半,高校標準・B1,6,verb,B1,英日,4択,rewrite,書き直す,「rewrite」の意味は？,書き直す,病気,観客,蒸気,rewrite は「書き直す」という意味だよ。
115,高校生前半,高校標準・B1,7,adverb,B1,英日,4択,shortly,まもなく,「shortly」の意味は？,まもなく,観客,蒸気,予期せず,shortly は「まもなく」という意味だよ。
115,高校生前半,高校標準・B1,8,noun,B1,英日,4択,sickness,病気,「sickness」の意味は？,病気,蒸気,予期せず,不運,sickness は「病気」という意味だよ。
115,高校生前半,高校標準・B1,9,noun,B1,英日,4択,spectator,観客,「spectator」の意味は？,観客,予期せず,不運,温かく,spectator は「観客」という意味だよ。
115,高校生前半,高校標準・B1,10,noun,B1,英日,4択,steam,蒸気,「steam」の意味は？,蒸気,不運,温かく,広範囲にわたる,steam は「蒸気」という意味だよ。
115,高校生前半,高校標準・B1,11,adverb,B1,英日,4択,unexpectedly,予期せず,「unexpectedly」の意味は？,予期せず,温かく,広範囲にわたる,価値がある,unexpectedly は「予期せず」という意味だよ。
115,高校生前半,高校標準・B1,12,adjective,B1,英日,4択,unlucky,不運,「unlucky」の意味は？,不運,広範囲にわたる,価値がある,受容,unlucky は「不運」という意味だよ。
115,高校生前半,高校標準・B1,13,adverb,B1,英日,4択,warmly,温かく,「warmly」の意味は？,温かく,価値がある,受容,女優,warmly は「温かく」という意味だよ。
115,高校生前半,高校標準・B1,14,adjective,B1,英日,4択,widespread,広範囲にわたる,「widespread」の意味は？,広範囲にわたる,受容,女優,アルファベット,widespread は「広範囲にわたる」という意味だよ。
115,高校生前半,高校標準・B1,15,adjective,B1,英日,4択,worthwhile,価値がある,「worthwhile」の意味は？,価値がある,女優,アルファベット,建築家,worthwhile は「価値がある」という意味だよ。
115,高校生前半,高校標準・B1,16,noun,B1,英日,4択,acceptance,受容,「acceptance」の意味は？,受容,アルファベット,建築家,予約,acceptance は「受容」という意味だよ。
115,高校生前半,高校標準・B1,17,noun,B1,英日,4択,actress,女優,「actress」の意味は？,女優,建築家,予約,カリキュラム,actress は「女優」という意味だよ。
115,高校生前半,高校標準・B1,18,noun,B1,英日,4択,alphabet,アルファベット,「alphabet」の意味は？,アルファベット,予約,カリキュラム,危険にさらす,alphabet は「アルファベット」という意味だよ。
115,高校生前半,高校標準・B1,19,noun,B1,英日,4択,architect,建築家,「architect」の意味は？,建築家,カリキュラム,危険にさらす,エンターテイナー,architect は「建築家」という意味だよ。
115,高校生前半,高校標準・B1,20,noun,B1,英日,4択,booking,予約,「booking」の意味は？,予約,危険にさらす,エンターテイナー,生息地,booking は「予約」という意味だよ。
115,高校生前半,高校標準・B1,21,noun,B1,日英,4択,curriculum,カリキュラム,「カリキュラム」を表す英単語は？,curriculum,entertainer,habitat,lightly,「カリキュラム」は英語で curriculum と言うよ。
115,高校生前半,高校標準・B1,22,verb,B1,日英,4択,endanger,危険にさらす,「危険にさらす」を表す英単語は？,endanger,habitat,lightly,marine,「危険にさらす」は英語で endanger と言うよ。
115,高校生前半,高校標準・B1,23,noun,B1,日英,4択,entertainer,エンターテイナー,「エンターテイナー」を表す英単語は？,entertainer,lightly,marine,merchant,「エンターテイナー」は英語で entertainer と言うよ。
115,高校生前半,高校標準・B1,24,noun,B1,日英,4択,habitat,生息地,「生息地」を表す英単語は？,habitat,marine,merchant,nutrition,「生息地」は英語で habitat と言うよ。
115,高校生前半,高校標準・B1,25,adverb,B1,日英,4択,lightly,軽く,「軽く」を表す英単語は？,lightly,merchant,nutrition,nutritious,「軽く」は英語で lightly と言うよ。
115,高校生前半,高校標準・B1,26,adjective,B1,日英,4択,marine,海の,「海の」を表す英単語は？,marine,nutrition,nutritious,philosopher,「海の」は英語で marine と言うよ。
115,高校生前半,高校標準・B1,27,noun,B1,日英,4択,merchant,商人,「商人」を表す英単語は？,merchant,nutritious,philosopher,mentally,「商人」は英語で merchant と言うよ。
115,高校生前半,高校標準・B1,28,noun,B1,日英,4択,nutrition,栄養,「栄養」を表す英単語は？,nutrition,philosopher,mentally,newcomer,「栄養」は英語で nutrition と言うよ。
115,高校生前半,高校標準・B1,29,adjective,B1,日英,4択,nutritious,栄養価が高い,「栄養価が高い」を表す英単語は？,nutritious,mentally,newcomer,nonsense,「栄養価が高い」は英語で nutritious と言うよ。
115,高校生前半,高校標準・B1,30,noun,B1,日英,4択,philosopher,哲学者,「哲学者」を表す英単語は？,philosopher,newcomer,nonsense,productive,「哲学者」は英語で philosopher と言うよ。
116,高校生前半,高校標準・B1,1,noun,B1,英日,4択,priest,祭司,「priest」の意味は？,祭司,ショックを受けた,特に,ストレスの多い,priest は「祭司」という意味だよ。
116,高校生前半,高校標準・B1,2,noun,B1,英日,4択,sensation,感覚,「sensation」の意味は？,感覚,特に,ストレスの多い,観点,sensation は「感覚」という意味だよ。
116,高校生前半,高校標準・B1,3,adjective,B1,英日,4択,shocked,ショックを受けた,「shocked」の意味は？,ショックを受けた,ストレスの多い,観点,アカデミー,shocked は「ショックを受けた」という意味だよ。
116,高校生前半,高校標準・B1,4,adverb,B1,英日,4択,specially,特に,「specially」の意味は？,特に,観点,アカデミー,アクセサリー,specially は「特に」という意味だよ。
116,高校生前半,高校標準・B1,5,adjective,B1,英日,4択,stressful,ストレスの多い,「stressful」の意味は？,ストレスの多い,アカデミー,アクセサリー,痛み,stressful は「ストレスの多い」という意味だよ。
116,高校生前半,高校標準・B1,6,noun,B1,英日,4択,viewpoint,観点,「viewpoint」の意味は？,観点,アクセサリー,痛み,知り合い,viewpoint は「観点」という意味だよ。
116,高校生前半,高校標準・B1,7,noun,B1,英日,4択,academy,アカデミー,「academy」の意味は？,アカデミー,痛み,知り合い,アドバイザー,academy は「アカデミー」という意味だよ。
116,高校生前半,高校標準・B1,8,noun,B1,英日,4択,accessory,アクセサリー,「accessory」の意味は？,アクセサリー,知り合い,アドバイザー,面白い,accessory は「アクセサリー」という意味だよ。
116,高校生前半,高校標準・B1,9,noun,B1,英日,4択,ache,痛み,「ache」の意味は？,痛み,アドバイザー,面白い,分析する,ache は「痛み」という意味だよ。
116,高校生前半,高校標準・B1,10,noun,B1,英日,4択,acquaintance,知り合い,「acquaintance」の意味は？,知り合い,面白い,分析する,運動の,acquaintance は「知り合い」という意味だよ。
116,高校生前半,高校標準・B1,11,noun,B1,英日,4択,advisor,アドバイザー,「advisor」の意味は？,アドバイザー,分析する,運動の,ベビーシッター,advisor は「アドバイザー」という意味だよ。
116,高校生前半,高校標準・B1,12,adjective,B1,英日,4択,amusing,面白い,「amusing」の意味は？,面白い,運動の,ベビーシッター,腰痛,amusing は「面白い」という意味だよ。
116,高校生前半,高校標準・B1,13,verb,B1,英日,4択,analyse,分析する,「analyse」の意味は？,分析する,ベビーシッター,腰痛,育種,analyse は「分析する」という意味だよ。
116,高校生前半,高校標準・B1,14,adjective,B1,英日,4択,athletic,運動の,「athletic」の意味は？,運動の,腰痛,育種,有名人,athletic は「運動の」という意味だよ。
116,高校生前半,高校標準・B1,15,noun,B1,英日,4択,babysitter,ベビーシッター,「babysitter」の意味は？,ベビーシッター,育種,有名人,確実,babysitter は「ベビーシッター」という意味だよ。
116,高校生前半,高校標準・B1,16,noun,B1,英日,4択,backache,腰痛,「backache」の意味は？,腰痛,有名人,確実,栽培,backache は「腰痛」という意味だよ。
116,高校生前半,高校標準・B1,17,noun,B1,英日,4択,breeding,育種,「breeding」の意味は？,育種,確実,栽培,聴覚障害者,breeding は「育種」という意味だよ。
116,高校生前半,高校標準・B1,18,noun,B1,英日,4択,celebrity,有名人,「celebrity」の意味は？,有名人,栽培,聴覚障害者,がれき,celebrity は「有名人」という意味だよ。
116,高校生前半,高校標準・B1,19,noun,B1,英日,4択,certainty,確実,「certainty」の意味は？,確実,聴覚障害者,がれき,確実な,certainty は「確実」という意味だよ。
116,高校生前半,高校標準・B1,20,verb,B1,英日,4択,cultivate,栽培,「cultivate」の意味は？,栽培,がれき,確実な,繊細,cultivate は「栽培」という意味だよ。
116,高校生前半,高校標準・B1,21,adjective,B1,日英,4択,deaf,聴覚障害者,「聴覚障害者」を表す英単語は？,deaf,definite,delicate,depressed,「聴覚障害者」は英語で deaf と言うよ。
116,高校生前半,高校標準・B1,22,noun,B1,日英,4択,debris,がれき,「がれき」を表す英単語は？,debris,delicate,depressed,deprive,「がれき」は英語で debris と言うよ。
116,高校生前半,高校標準・B1,23,adjective,B1,日英,4択,definite,確実な,「確実な」を表す英単語は？,definite,depressed,deprive,diagram,「確実な」は英語で definite と言うよ。
116,高校生前半,高校標準・B1,24,adjective,B1,日英,4択,delicate,繊細,「繊細」を表す英単語は？,delicate,deprive,diagram,dioxide,「繊細」は英語で delicate と言うよ。
116,高校生前半,高校標準・B1,25,adjective,B1,日英,4択,depressed,落ち込んだ,「落ち込んだ」を表す英単語は？,depressed,diagram,dioxide,disabled,「落ち込んだ」は英語で depressed と言うよ。
116,高校生前半,高校標準・B1,26,verb,B1,日英,4択,deprive,奪う,「奪う」を表す英単語は？,deprive,dioxide,disabled,discomfort,「奪う」は英語で deprive と言うよ。
116,高校生前半,高校標準・B1,27,noun,B1,日英,4択,diagram,図,「図」を表す英単語は？,diagram,disabled,discomfort,priest,「図」は英語で diagram と言うよ。
116,高校生前半,高校標準・B1,28,noun,B1,日英,4択,dioxide,二酸化炭素,「二酸化炭素」を表す英単語は？,dioxide,discomfort,priest,sensation,「二酸化炭素」は英語で dioxide と言うよ。
116,高校生前半,高校標準・B1,29,adjective,B1,日英,4択,disabled,障がいのある・無効になった,「障がいのある・無効になった」を表す英単語は？,disabled,priest,sensation,shocked,「障がいのある・無効になった」は英語で disabled と言うよ。
116,高校生前半,高校標準・B1,30,noun,B1,日英,4択,discomfort,不快感,「不快感」を表す英単語は？,discomfort,sensation,shocked,specially,「不快感」は英語で discomfort と言うよ。
117,高校生前半,高校標準・B1,1,adjective,B1,英日,4択,ecological,生態学的,「ecological」の意味は？,生態学的,同封,耐える,興奮して,ecological は「生態学的」という意味だよ。
117,高校生前半,高校標準・B1,2,noun,B1,英日,4択,economics,経済学,「economics」の意味は？,経済学,耐える,興奮して,経験豊かな,economics は「経済学」という意味だよ。
117,高校生前半,高校標準・B1,3,verb,B1,英日,4択,enclose,同封,「enclose」の意味は？,同封,興奮して,経験豊かな,絶滅した,enclose は「同封」という意味だよ。
117,高校生前半,高校標準・B1,4,verb,B1,英日,4択,endure,耐える,「endure」の意味は？,耐える,経験豊かな,絶滅した,別れ,endure は「耐える」という意味だよ。
117,高校生前半,高校標準・B1,5,adverb,B1,英日,4択,excitedly,興奮して,「excitedly」の意味は？,興奮して,絶滅した,別れ,留める,excitedly は「興奮して」という意味だよ。
117,高校生前半,高校標準・B1,6,adjective,B1,英日,4択,experienced,経験豊かな,「experienced」の意味は？,経験豊かな,別れ,留める,ファックス,experienced は「経験豊かな」という意味だよ。
117,高校生前半,高校標準・B1,7,adjective,B1,英日,4択,extinct,絶滅した,「extinct」の意味は？,絶滅した,留める,ファックス,流暢な,extinct は「絶滅した」という意味だよ。
117,高校生前半,高校標準・B1,8,noun,B1,英日,4択,farewell,別れ,「farewell」の意味は？,別れ,ファックス,流暢な,優雅な,farewell は「別れ」という意味だよ。
117,高校生前半,高校標準・B1,9,verb,B1,英日,4択,fasten,留める,「fasten」の意味は？,留める,流暢な,優雅な,罪悪感,fasten は「留める」という意味だよ。
117,高校生前半,高校標準・B1,10,noun,B1,英日,4択,fax,ファックス,「fax」の意味は？,ファックス,優雅な,罪悪感,ギタリスト,fax は「ファックス」という意味だよ。
117,高校生前半,高校標準・B1,11,adjective,B1,英日,4択,fluent,流暢な,「fluent」の意味は？,流暢な,罪悪感,ギタリスト,聖なる,fluent は「流暢な」という意味だよ。
117,高校生前半,高校標準・B1,12,adjective,B1,英日,4択,graceful,優雅な,「graceful」の意味は？,優雅な,ギタリスト,聖なる,ユーモアのある,graceful は「優雅な」という意味だよ。
117,高校生前半,高校標準・B1,13,noun,B1,英日,4択,guilt,罪悪感,「guilt」の意味は？,罪悪感,聖なる,ユーモアのある,不便,guilt は「罪悪感」という意味だよ。
117,高校生前半,高校標準・B1,14,noun,B1,英日,4択,guitarist,ギタリスト,「guitarist」の意味は？,ギタリスト,ユーモアのある,不便,不規則,guitarist は「ギタリスト」という意味だよ。
117,高校生前半,高校標準・B1,15,adjective,B1,英日,4択,holy,聖なる,「holy」の意味は？,聖なる,不便,不規則,魔法のような,holy は「聖なる」という意味だよ。
117,高校生前半,高校標準・B1,16,adjective,B1,英日,4択,humorous,ユーモアのある,「humorous」の意味は？,ユーモアのある,不規則,魔法のような,乱雑な,humorous は「ユーモアのある」という意味だよ。
117,高校生前半,高校標準・B1,17,adjective,B1,英日,4択,inconvenient,不便,「inconvenient」の意味は？,不便,魔法のような,乱雑な,分子,inconvenient は「不便」という意味だよ。
117,高校生前半,高校標準・B1,18,adjective,B1,英日,4択,irregular,不規則,「irregular」の意味は？,不規則,乱雑な,分子,記念碑,irregular は「不規則」という意味だよ。
117,高校生前半,高校標準・B1,19,adjective,B1,英日,4択,magical,魔法のような,「magical」の意味は？,魔法のような,分子,記念碑,山頂,magical は「魔法のような」という意味だよ。
117,高校生前半,高校標準・B1,20,adjective,B1,英日,4択,messy,乱雑な,「messy」の意味は？,乱雑な,記念碑,山頂,新生児,messy は「乱雑な」という意味だよ。
117,高校生前半,高校標準・B1,21,noun,B1,日英,4択,molecule,分子,「分子」を表す英単語は？,molecule,mountaintop,newborn,northeast,「分子」は英語で molecule と言うよ。
117,高校生前半,高校標準・B1,22,noun,B1,日英,4択,monument,記念碑,「記念碑」を表す英単語は？,monument,newborn,northeast,objection,「記念碑」は英語で monument と言うよ。
117,高校生前半,高校標準・B1,23,noun,B1,日英,4択,mountaintop,山頂,「山頂」を表す英単語は？,mountaintop,northeast,objection,occasional,「山頂」は英語で mountaintop と言うよ。
117,高校生前半,高校標準・B1,24,adjective,B1,日英,4択,newborn,新生児,「新生児」を表す英単語は？,newborn,objection,occasional,organ,「新生児」は英語で newborn と言うよ。
117,高校生前半,高校標準・B1,25,adjective,B1,日英,4択,northeast,北東,「北東」を表す英単語は？,northeast,occasional,organ,outstanding,「北東」は英語で northeast と言うよ。
117,高校生前半,高校標準・B1,26,noun,B1,日英,4択,objection,異議,「異議」を表す英単語は？,objection,organ,outstanding,parachute,「異議」は英語で objection と言うよ。
117,高校生前半,高校標準・B1,27,adjective,B1,日英,4択,occasional,時折の,「時折の」を表す英単語は？,occasional,outstanding,parachute,ecological,「時折の」は英語で occasional と言うよ。
117,高校生前半,高校標準・B1,28,noun,B1,日英,4択,organ,器官,「器官」を表す英単語は？,organ,parachute,ecological,economics,「器官」は英語で organ と言うよ。
117,高校生前半,高校標準・B1,29,adjective,B1,日英,4択,outstanding,並外れた,「並外れた」を表す英単語は？,outstanding,ecological,economics,enclose,「並外れた」は英語で outstanding と言うよ。
117,高校生前半,高校標準・B1,30,noun,B1,日英,4択,parachute,パラシュート,「パラシュート」を表す英単語は？,parachute,economics,enclose,endure,「パラシュート」は英語で parachute と言うよ。
118,高校生前半,高校標準・B1,1,adjective,B1,英日,4択,partial,部分的,「partial」の意味は？,部分的,返金,更新する,まき散らす,partial は「部分的」という意味だよ。
118,高校生前半,高校標準・B1,2,noun,B1,英日,4択,prejudice,偏見,「prejudice」の意味は？,偏見,更新する,まき散らす,彫刻,prejudice は「偏見」という意味だよ。
118,高校生前半,高校標準・B1,3,noun,B1,英日,4択,refund,返金,「refund」の意味は？,返金,まき散らす,彫刻,密かに,refund は「返金」という意味だよ。
118,高校生前半,高校標準・B1,4,verb,B1,英日,4択,renew,更新する,「renew」の意味は？,更新する,彫刻,密かに,サイン,renew は「更新する」という意味だよ。
118,高校生前半,高校標準・B1,5,verb,B1,英日,4択,scatter,まき散らす,「scatter」の意味は？,まき散らす,密かに,サイン,悲しみ,scatter は「まき散らす」という意味だよ。
118,高校生前半,高校標準・B1,6,noun,B1,英日,4択,sculpture,彫刻,「sculpture」の意味は？,彫刻,サイン,悲しみ,南東,sculpture は「彫刻」という意味だよ。
118,高校生前半,高校標準・B1,7,adverb,B1,英日,4択,secretly,密かに,「secretly」の意味は？,密かに,悲しみ,南東,急な,secretly は「密かに」という意味だよ。
118,高校生前半,高校標準・B1,8,noun,B1,英日,4択,signature,サイン,「signature」の意味は？,サイン,南東,急な,外科医,signature は「サイン」という意味だよ。
118,高校生前半,高校標準・B1,9,noun,B1,英日,4択,sorrow,悲しみ,「sorrow」の意味は？,悲しみ,急な,外科医,からかう,sorrow は「悲しみ」という意味だよ。
118,高校生前半,高校標準・B1,10,adjective,B1,英日,4択,southeast,南東,「southeast」の意味は？,南東,外科医,からかう,徹底的,southeast は「南東」という意味だよ。
118,高校生前半,高校標準・B1,11,adjective,B1,英日,4択,steep,急な,「steep」の意味は？,急な,からかう,徹底的,脅迫的,steep は「急な」という意味だよ。
118,高校生前半,高校標準・B1,12,noun,B1,英日,4択,surgeon,外科医,「surgeon」の意味は？,外科医,徹底的,脅迫的,雷,surgeon は「外科医」という意味だよ。
118,高校生前半,高校標準・B1,13,noun,B1,英日,4択,tease,からかう,「tease」の意味は？,からかう,脅迫的,雷,悲劇的,tease は「からかう」という意味だよ。
118,高校生前半,高校標準・B1,14,adjective,B1,英日,4択,thorough,徹底的,「thorough」の意味は？,徹底的,雷,悲劇的,熱帯の,thorough は「徹底的」という意味だよ。
118,高校生前半,高校標準・B1,15,adjective,B1,英日,4択,threatening,脅迫的,「threatening」の意味は？,脅迫的,悲劇的,熱帯の,旋回,threatening は「脅迫的」という意味だよ。
118,高校生前半,高校標準・B1,16,noun,B1,英日,4択,thunder,雷,「thunder」の意味は？,雷,熱帯の,旋回,明らかにする,thunder は「雷」という意味だよ。
118,高校生前半,高校標準・B1,17,adjective,B1,英日,4択,tragic,悲劇的,「tragic」の意味は？,悲劇的,旋回,明らかにする,非友好的,tragic は「悲劇的」という意味だよ。
118,高校生前半,高校標準・B1,18,adjective,B1,英日,4択,tropical,熱帯の,「tropical」の意味は？,熱帯の,明らかにする,非友好的,上向き,tropical は「熱帯の」という意味だよ。
118,高校生前半,高校標準・B1,19,noun,B1,英日,4択,turning,旋回,「turning」の意味は？,旋回,非友好的,上向き,使用法,turning は「旋回」という意味だよ。
118,高校生前半,高校標準・B1,20,verb,B1,英日,4択,uncover,明らかにする,「uncover」の意味は？,明らかにする,上向き,使用法,漠然,uncover は「明らかにする」という意味だよ。
118,高校生前半,高校標準・B1,21,adjective,B1,日英,4択,unfriendly,非友好的,「非友好的」を表す英単語は？,unfriendly,usage,vague,warmth,「非友好的」は英語で unfriendly と言うよ。
118,高校生前半,高校標準・B1,22,adjective,B1,日英,4択,upward,上向き,「上向き」を表す英単語は？,upward,vague,warmth,whoever,「上向き」は英語で upward と言うよ。
118,高校生前半,高校標準・B1,23,noun,B1,日英,4択,usage,使用法,「使用法」を表す英単語は？,usage,warmth,whoever,accent,「使用法」は英語で usage と言うよ。
118,高校生前半,高校標準・B1,24,adjective,B1,日英,4択,vague,漠然,「漠然」を表す英単語は？,vague,whoever,accent,accessible,「漠然」は英語で vague と言うよ。
118,高校生前半,高校標準・B1,25,noun,B1,日英,4択,warmth,暖かさ,「暖かさ」を表す英単語は？,warmth,accent,accessible,accustom,「暖かさ」は英語で warmth と言うよ。
118,高校生前半,高校標準・B1,26,pronoun,B1,日英,4択,whoever,誰でも,「誰でも」を表す英単語は？,whoever,accessible,accustom,allergic,「誰でも」は英語で whoever と言うよ。
118,高校生前半,高校標準・B1,27,noun,B1,日英,4択,accent,アクセント,「アクセント」を表す英単語は？,accent,accustom,allergic,partial,「アクセント」は英語で accent と言うよ。
118,高校生前半,高校標準・B1,28,adjective,B1,日英,4択,accessible,利用しやすい・接近できる,「利用しやすい・接近できる」を表す英単語は？,accessible,allergic,partial,prejudice,「利用しやすい・接近できる」は英語で accessible と言うよ。
118,高校生前半,高校標準・B1,29,verb,B1,日英,4択,accustom,慣れる,「慣れる」を表す英単語は？,accustom,partial,prejudice,refund,「慣れる」は英語で accustom と言うよ。
118,高校生前半,高校標準・B1,30,adjective,B1,日英,4択,allergic,アレルギー,「アレルギー」を表す英単語は？,allergic,prejudice,refund,renew,「アレルギー」は英語で allergic と言うよ。
119,高校生前半,高校標準・B1,1,adverb,B1,英日,4択,annually,毎年,「annually」の意味は？,毎年,食欲,素晴らしい,地下,annually は「毎年」という意味だよ。
119,高校生前半,高校標準・B1,2,noun,B1,英日,4択,apology,謝罪,「apology」の意味は？,謝罪,素晴らしい,地下,美しく,apology は「謝罪」という意味だよ。
119,高校生前半,高校標準・B1,3,noun,B1,英日,4択,appetite,食欲,「appetite」の意味は？,食欲,地下,美しく,曲がった,appetite は「食欲」という意味だよ。
119,高校生前半,高校標準・B1,4,adjective,B1,英日,4択,awesome,素晴らしい,「awesome」の意味は？,素晴らしい,美しく,曲がった,大胆な,awesome は「素晴らしい」という意味だよ。
119,高校生前半,高校標準・B1,5,noun,B1,英日,4択,basement,地下,「basement」の意味は？,地下,曲がった,大胆な,画期的な,basement は「地下」という意味だよ。
119,高校生前半,高校標準・B1,6,adverb,B1,英日,4択,beautifully,美しく,「beautifully」の意味は？,美しく,大胆な,画期的な,不注意,beautifully は「美しく」という意味だよ。
119,高校生前半,高校標準・B1,7,adjective,B1,英日,4択,bent,曲がった,「bent」の意味は？,曲がった,画期的な,不注意,紙箱,bent は「曲がった」という意味だよ。
119,高校生前半,高校標準・B1,8,adjective,B1,英日,4択,bold,大胆な,「bold」の意味は？,大胆な,不注意,紙箱,注意,bold は「大胆な」という意味だよ。
119,高校生前半,高校標準・B1,9,noun,B1,英日,4択,breakthrough,画期的な,「breakthrough」の意味は？,画期的な,紙箱,注意,キリスト教徒・キリスト教の,breakthrough は「画期的な」という意味だよ。
119,高校生前半,高校標準・B1,10,noun,B1,英日,4択,carelessness,不注意,「carelessness」の意味は？,不注意,注意,キリスト教徒・キリスト教の,コメディアン,carelessness は「不注意」という意味だよ。
119,高校生前半,高校標準・B1,11,noun,B1,英日,4択,carton,紙箱,「carton」の意味は？,紙箱,キリスト教徒・キリスト教の,コメディアン,継続的に,carton は「紙箱」という意味だよ。
119,高校生前半,高校標準・B1,12,noun,B1,英日,4択,caution,注意,「caution」の意味は？,注意,コメディアン,継続的に,伝える,caution は「注意」という意味だよ。
119,高校生前半,高校標準・B1,13,adjective,B1,英日,4択,christian,キリスト教徒・キリスト教の,「christian」の意味は？,キリスト教徒・キリスト教の,継続的に,伝える,打ち砕く,christian は「キリスト教徒・キリスト教の」という意味だよ。
119,高校生前半,高校標準・B1,14,noun,B1,英日,4択,comedian,コメディアン,「comedian」の意味は？,コメディアン,伝える,打ち砕く,好奇心,comedian は「コメディアン」という意味だよ。
119,高校生前半,高校標準・B1,15,adverb,B1,英日,4択,continually,継続的に,「continually」の意味は？,継続的に,打ち砕く,好奇心,絶望,continually は「継続的に」という意味だよ。
119,高校生前半,高校標準・B1,16,adverb,B1,英日,4択,continuously,継続的に,「continuously」の意味は？,継続的に,好奇心,絶望,多様な,continuously は「継続的に」という意味だよ。
119,高校生前半,高校標準・B1,17,verb,B1,英日,4択,convey,伝える,「convey」の意味は？,伝える,絶望,多様な,下向き,convey は「伝える」という意味だよ。
119,高校生前半,高校標準・B1,18,noun,B1,英日,4択,crush,打ち砕く,「crush」の意味は？,打ち砕く,多様な,下向き,酔った,crush は「打ち砕く」という意味だよ。
119,高校生前半,高校標準・B1,19,noun,B1,英日,4択,curiosity,好奇心,「curiosity」の意味は？,好奇心,下向き,酔った,のんきな,curiosity は「好奇心」という意味だよ。
119,高校生前半,高校標準・B1,20,noun,B1,英日,4択,despair,絶望,「despair」の意味は？,絶望,酔った,のんきな,豊かに,despair は「絶望」という意味だよ。
119,高校生前半,高校標準・B1,21,adjective,B1,日英,4択,diverse,多様な,「多様な」を表す英単語は？,diverse,drunk,easygoing,enrich,「多様な」は英語で diverse と言うよ。
119,高校生前半,高校標準・B1,22,adjective,B1,日英,4択,downward,下向き,「下向き」を表す英単語は？,downward,easygoing,enrich,faithful,「下向き」は英語で downward と言うよ。
119,高校生前半,高校標準・B1,23,adjective,B1,日英,4択,drunk,酔った,「酔った」を表す英単語は？,drunk,enrich,faithful,fake,「酔った」は英語で drunk と言うよ。
119,高校生前半,高校標準・B1,24,adjective,B1,日英,4択,easygoing,のんきな,「のんきな」を表す英単語は？,easygoing,faithful,fake,faraway,「のんきな」は英語で easygoing と言うよ。
119,高校生前半,高校標準・B1,25,verb,B1,日英,4択,enrich,豊かに,「豊かに」を表す英単語は？,enrich,fake,faraway,favorable,「豊かに」は英語で enrich と言うよ。
119,高校生前半,高校標準・B1,26,adjective,B1,日英,4択,faithful,忠実な,「忠実な」を表す英単語は？,faithful,faraway,favorable,frozen,「忠実な」は英語で faithful と言うよ。
119,高校生前半,高校標準・B1,27,adjective,B1,日英,4択,fake,偽物・偽の,「偽物・偽の」を表す英単語は？,fake,favorable,frozen,annually,「偽物・偽の」は英語で fake と言うよ。
119,高校生前半,高校標準・B1,28,adjective,B1,日英,4択,faraway,遠く離れた,「遠く離れた」を表す英単語は？,faraway,frozen,annually,apology,「遠く離れた」は英語で faraway と言うよ。
119,高校生前半,高校標準・B1,29,adjective,B1,日英,4択,favorable,好ましい,「好ましい」を表す英単語は？,favorable,annually,apology,appetite,「好ましい」は英語で favorable と言うよ。
119,高校生前半,高校標準・B1,30,adjective,B1,日英,4択,frozen,凍った,「凍った」を表す英単語は？,frozen,apology,appetite,awesome,「凍った」は英語で frozen と言うよ。
120,高校生前半,高校標準・B1,1,adjective,B1,英日,4択,geographical,地理的,「geographical」の意味は？,地理的,ゴルファー,善良さ,豪華な・とても美しい,geographical は「地理的」という意味だよ。
120,高校生前半,高校標準・B1,2,adjective,B1,英日,4択,glorious,素晴らしい,「glorious」の意味は？,素晴らしい,善良さ,豪華な・とても美しい,ゴシップ,glorious は「素晴らしい」という意味だよ。
120,高校生前半,高校標準・B1,3,noun,B1,英日,4択,golfer,ゴルファー,「golfer」の意味は？,ゴルファー,豪華な・とても美しい,ゴシップ,図表の・生々しい,golfer は「ゴルファー」という意味だよ。
120,高校生前半,高校標準・B1,4,interjection,B1,英日,4択,goodness,善良さ,「goodness」の意味は？,善良さ,ゴシップ,図表の・生々しい,感謝,goodness は「善良さ」という意味だよ。
120,高校生前半,高校標準・B1,5,adjective,B1,英日,4択,gorgeous,豪華な・とても美しい,「gorgeous」の意味は？,豪華な・とても美しい,図表の・生々しい,感謝,手書き,gorgeous は「豪華な・とても美しい」という意味だよ。
120,高校生前半,高校標準・B1,6,noun,B1,英日,4択,gossip,ゴシップ,「gossip」の意味は？,ゴシップ,感謝,手書き,苦難,gossip は「ゴシップ」という意味だよ。
120,高校生前半,高校標準・B1,7,adjective,B1,英日,4択,graphic,図表の・生々しい,「graphic」の意味は？,図表の・生々しい,手書き,苦難,心を持った,graphic は「図表の・生々しい」という意味だよ。
120,高校生前半,高校標準・B1,8,noun,B1,英日,4択,gratitude,感謝,「gratitude」の意味は？,感謝,苦難,心を持った,暖房器具,gratitude は「感謝」という意味だよ。
120,高校生前半,高校標準・B1,9,noun,B1,英日,4択,handwriting,手書き,「handwriting」の意味は？,手書き,心を持った,暖房器具,天国,handwriting は「手書き」という意味だよ。
120,高校生前半,高校標準・B1,10,noun,B1,英日,4択,hardship,苦難,「hardship」の意味は？,苦難,暖房器具,天国,無力,hardship は「苦難」という意味だよ。
120,高校生前半,高校標準・B1,11,adjective,B1,英日,4択,hearted,心を持った,「hearted」の意味は？,心を持った,天国,無力,正直に,hearted は「心を持った」という意味だよ。
120,高校生前半,高校標準・B1,12,noun,B1,英日,4択,heater,暖房器具,「heater」の意味は？,暖房器具,無力,正直に,希望を持った,heater は「暖房器具」という意味だよ。
120,高校生前半,高校標準・B1,13,noun,B1,英日,4択,heaven,天国,「heaven」の意味は？,天国,正直に,希望を持った,不適切な,heaven は「天国」という意味だよ。
120,高校生前半,高校標準・B1,14,adjective,B1,英日,4択,helpless,無力,「helpless」の意味は？,無力,希望を持った,不適切な,間接的に,helpless は「無力」という意味だよ。
120,高校生前半,高校標準・B1,15,adverb,B1,英日,4択,honestly,正直に,「honestly」の意味は？,正直に,不適切な,間接的に,住民,honestly は「正直に」という意味だよ。
120,高校生前半,高校標準・B1,16,adjective,B1,英日,4択,hopeful,希望を持った,「hopeful」の意味は？,希望を持った,間接的に,住民,国際的に,hopeful は「希望を持った」という意味だよ。
120,高校生前半,高校標準・B1,17,adjective,B1,英日,4択,improper,不適切な,「improper」の意味は？,不適切な,住民,国際的に,宿泊所・泊まる,improper は「不適切な」という意味だよ。
120,高校生前半,高校標準・B1,18,adverb,B1,英日,4択,indirectly,間接的に,「indirectly」の意味は？,間接的に,国際的に,宿泊所・泊まる,スピーカー,indirectly は「間接的に」という意味だよ。
120,高校生前半,高校標準・B1,19,noun,B1,英日,4択,inhabitant,住民,「inhabitant」の意味は？,住民,宿泊所・泊まる,スピーカー,数学者,inhabitant は「住民」という意味だよ。
120,高校生前半,高校標準・B1,20,adverb,B1,英日,4択,internationally,国際的に,「internationally」の意味は？,国際的に,スピーカー,数学者,修復する,internationally は「国際的に」という意味だよ。
120,高校生前半,高校標準・B1,21,noun,B1,日英,4択,lodge,宿泊所・泊まる,「宿泊所・泊まる」を表す英単語は？,lodge,mathematician,mend,neutral,「宿泊所・泊まる」は英語で lodge と言うよ。
120,高校生前半,高校標準・B1,22,noun,B1,日英,4択,loudspeaker,スピーカー,「スピーカー」を表す英単語は？,loudspeaker,mend,neutral,nonetheless,「スピーカー」は英語で loudspeaker と言うよ。
120,高校生前半,高校標準・B1,23,noun,B1,日英,4択,mathematician,数学者,「数学者」を表す英単語は？,mathematician,neutral,nonetheless,northwestern,「数学者」は英語で mathematician と言うよ。
120,高校生前半,高校標準・B1,24,verb,B1,日英,4択,mend,修復する,「修復する」を表す英単語は？,mend,nonetheless,northwestern,novelist,「修復する」は英語で mend と言うよ。
120,高校生前半,高校標準・B1,25,adjective,B1,日英,4択,neutral,中立の,「中立の」を表す英単語は？,neutral,northwestern,novelist,packing,「中立の」は英語で neutral と言うよ。
120,高校生前半,高校標準・B1,26,adverb,B1,日英,4択,nonetheless,それにもかかわらず,「それにもかかわらず」を表す英単語は？,nonetheless,novelist,packing,patience,「それにもかかわらず」は英語で nonetheless と言うよ。
120,高校生前半,高校標準・B1,27,adjective,B1,日英,4択,northwestern,北西部,「北西部」を表す英単語は？,northwestern,packing,patience,geographical,「北西部」は英語で northwestern と言うよ。
120,高校生前半,高校標準・B1,28,noun,B1,日英,4択,novelist,小説家,「小説家」を表す英単語は？,novelist,patience,geographical,glorious,「小説家」は英語で novelist と言うよ。
120,高校生前半,高校標準・B1,29,noun,B1,日英,4択,packing,荷造り,「荷造り」を表す英単語は？,packing,geographical,glorious,golfer,「荷造り」は英語で packing と言うよ。
120,高校生前半,高校標準・B1,30,noun,B1,日英,4択,patience,忍耐,「忍耐」を表す英単語は？,patience,glorious,golfer,goodness,「忍耐」は英語で patience と言うよ。
121,高校生前半,高校標準・B1,1,noun,B1,英日,4択,patrol,パトロール,「patrol」の意味は？,パトロール,心地よく,公に,罰する,patrol は「パトロール」という意味だよ。
121,高校生前半,高校標準・B1,2,adverb,B1,英日,4択,permanently,永久に,「permanently」の意味は？,永久に,公に,罰する,取り戻す,permanently は「永久に」という意味だよ。
121,高校生前半,高校標準・B1,3,adverb,B1,英日,4択,pleasantly,心地よく,「pleasantly」の意味は？,心地よく,罰する,取り戻す,くつろいだ,pleasantly は「心地よく」という意味だよ。
121,高校生前半,高校標準・B1,4,adverb,B1,英日,4択,publicly,公に,「publicly」の意味は？,公に,取り戻す,くつろいだ,返済する,publicly は「公に」という意味だよ。
121,高校生前半,高校標準・B1,5,verb,B1,英日,4択,punish,罰する,「punish」の意味は？,罰する,くつろいだ,返済する,無礼に,punish は「罰する」という意味だよ。
121,高校生前半,高校標準・B1,6,verb,B1,英日,4択,regain,取り戻す,「regain」の意味は？,取り戻す,返済する,無礼に,悲しみ,regain は「取り戻す」という意味だよ。
121,高校生前半,高校標準・B1,7,adjective,B1,英日,4択,relaxing,くつろいだ,「relaxing」の意味は？,くつろいだ,無礼に,悲しみ,奪う,relaxing は「くつろいだ」という意味だよ。
121,高校生前半,高校標準・B1,8,verb,B1,英日,4択,repay,返済する,「repay」の意味は？,返済する,悲しみ,奪う,分離,repay は「返済する」という意味だよ。
121,高校生前半,高校標準・B1,9,adverb,B1,英日,4択,rudely,無礼に,「rudely」の意味は？,無礼に,奪う,分離,影のある,rudely は「無礼に」という意味だよ。
121,高校生前半,高校標準・B1,10,noun,B1,英日,4択,sadness,悲しみ,「sadness」の意味は？,悲しみ,分離,影のある,光沢のある,sadness は「悲しみ」という意味だよ。
121,高校生前半,高校標準・B1,11,verb,B1,英日,4択,seize,奪う,「seize」の意味は？,奪う,影のある,光沢のある,震える,seize は「奪う」という意味だよ。
121,高校生前半,高校標準・B1,12,noun,B1,英日,4択,separation,分離,「separation」の意味は？,分離,光沢のある,震える,南西,separation は「分離」という意味だよ。
121,高校生前半,高校標準・B1,13,adjective,B1,英日,4択,shadowy,影のある,「shadowy」の意味は？,影のある,震える,南西,日の出,shadowy は「影のある」という意味だよ。
121,高校生前半,高校標準・B1,14,adjective,B1,英日,4択,shiny,光沢のある,「shiny」の意味は？,光沢のある,南西,日の出,しっかりと,shiny は「光沢のある」という意味だよ。
121,高校生前半,高校標準・B1,15,verb,B1,英日,4択,shiver,震える,「shiver」の意味は？,震える,日の出,しっかりと,疲れさせる,shiver は「震える」という意味だよ。
121,高校生前半,高校標準・B1,16,adjective,B1,英日,4択,southwest,南西,「southwest」の意味は？,南西,しっかりと,疲れさせる,途方もない,southwest は「南西」という意味だよ。
121,高校生前半,高校標準・B1,17,noun,B1,英日,4択,sunrise,日の出,「sunrise」の意味は？,日の出,疲れさせる,途方もない,勝利,sunrise は「日の出」という意味だよ。
121,高校生前半,高校標準・B1,18,adverb,B1,英日,4択,tightly,しっかりと,「tightly」の意味は？,しっかりと,途方もない,勝利,不運な,tightly は「しっかりと」という意味だよ。
121,高校生前半,高校標準・B1,19,adjective,B1,英日,4択,tiring,疲れさせる,「tiring」の意味は？,疲れさせる,勝利,不運な,面白くない,tiring は「疲れさせる」という意味だよ。
121,高校生前半,高校標準・B1,20,verb,B1,英日,4択,tremble,震える,「tremble」の意味は？,震える,不運な,面白くない,使い物にならない,tremble は「震える」という意味だよ。
121,高校生前半,高校標準・B1,21,adjective,B1,日英,4択,tremendous,途方もない,「途方もない」を表す英単語は？,tremendous,unfortunate,uninteresting,useless,「途方もない」は英語で tremendous と言うよ。
121,高校生前半,高校標準・B1,22,noun,B1,日英,4択,triumph,勝利,「勝利」を表す英単語は？,triumph,uninteresting,useless,visually,「勝利」は英語で triumph と言うよ。
121,高校生前半,高校標準・B1,23,adjective,B1,日英,4択,unfortunate,不運な,「不運な」を表す英単語は？,unfortunate,useless,visually,vivid,「不運な」は英語で unfortunate と言うよ。
121,高校生前半,高校標準・B1,24,adjective,B1,日英,4択,uninteresting,面白くない,「面白くない」を表す英単語は？,uninteresting,visually,vivid,worthy,「面白くない」は英語で uninteresting と言うよ。
121,高校生前半,高校標準・B1,25,adjective,B1,日英,4択,useless,使い物にならない,「使い物にならない」を表す英単語は？,useless,vivid,worthy,copyright,「使い物にならない」は英語で useless と言うよ。
121,高校生前半,高校標準・B1,26,adverb,B1,日英,4択,visually,視覚的に,「視覚的に」を表す英単語は？,visually,worthy,copyright,sports,「視覚的に」は英語で visually と言うよ。
121,高校生前半,高校標準・B1,27,adjective,B1,日英,4択,vivid,鮮やか,「鮮やか」を表す英単語は？,vivid,copyright,sports,patrol,「鮮やか」は英語で vivid と言うよ。
121,高校生前半,高校標準・B1,28,adjective,B1,日英,4択,worthy,価値がある,「価値がある」を表す英単語は？,worthy,sports,patrol,permanently,「価値がある」は英語で worthy と言うよ。
121,高校生前半,高校標準・B1,29,noun,B1,日英,4択,copyright,著作権,「著作権」を表す英単語は？,copyright,patrol,permanently,pleasantly,「著作権」は英語で copyright と言うよ。
121,高校生前半,高校標準・B1,30,adjective,B1,日英,4択,sports,スポーツ,「スポーツ」を表す英単語は？,sports,permanently,pleasantly,publicly,「スポーツ」は英語で sports と言うよ。
122,高校生前半,高校標準・B1,1,noun,B1,英日,4択,county,郡,「county」の意味は？,郡,～という条件で,版,書かれた,county は「郡」という意味だよ。
122,高校生前半,高校標準・B1,2,preposition,B1,英日,4択,including,…を含んで,「including」の意味は？,…を含んで,版,書かれた,広告,including は「…を含んで」という意味だよ。
122,高校生前半,高校標準・B1,3,conjunction,B1,英日,4択,provided,～という条件で,「provided」の意味は？,～という条件で,書かれた,広告,港,provided は「～という条件で」という意味だよ。
122,高校生前半,高校標準・B1,4,noun,B1,英日,4択,edition,版,「edition」の意味は？,版,広告,港,行政,edition は「版」という意味だよ。
122,高校生前半,高校標準・B1,5,adjective,B1,英日,4択,written,書かれた,「written」の意味は？,書かれた,港,行政,設立する・機関,written は「書かれた」という意味だよ。
122,高校生前半,高校標準・B1,6,noun,B1,英日,4択,ad,広告,「ad」の意味は？,広告,行政,設立する・機関,分配,ad は「広告」という意味だよ。
122,高校生前半,高校標準・B1,7,noun,B1,英日,4択,port,港,「port」の意味は？,港,設立する・機関,分配,基礎・設立,port は「港」という意味だよ。
122,高校生前半,高校標準・B1,8,noun,B1,英日,4択,administration,行政,「administration」の意味は？,行政,分配,基礎・設立,出版業者,administration は「行政」という意味だよ。
122,高校生前半,高校標準・B1,9,noun,B1,英日,4択,institute,設立する・機関,「institute」の意味は？,設立する・機関,基礎・設立,出版業者,反対の,institute は「設立する・機関」という意味だよ。
122,高校生前半,高校標準・B1,10,noun,B1,英日,4択,distribution,分配,「distribution」の意味は？,分配,出版業者,反対の,支払われた・有給の,distribution は「分配」という意味だよ。
122,高校生前半,高校標準・B1,11,noun,B1,英日,4択,foundation,基礎・設立,「foundation」の意味は？,基礎・設立,反対の,支払われた・有給の,小売り,foundation は「基礎・設立」という意味だよ。
122,高校生前半,高校標準・B1,12,noun,B1,英日,4択,publisher,出版業者,「publisher」の意味は？,出版業者,支払われた・有給の,小売り,ごみ箱・容器,publisher は「出版業者」という意味だよ。
122,高校生前半,高校標準・B1,13,adjective,B1,英日,4択,anti,反対の,「anti」の意味は？,反対の,小売り,ごみ箱・容器,主要な・先導する,anti は「反対の」という意味だよ。
122,高校生前半,高校標準・B1,14,adjective,B1,英日,4択,paid,支払われた・有給の,「paid」の意味は？,支払われた・有給の,ごみ箱・容器,主要な・先導する,健康・適性,paid は「支払われた・有給の」という意味だよ。
122,高校生前半,高校標準・B1,15,noun,B1,英日,4択,retail,小売り,「retail」の意味は？,小売り,主要な・先導する,健康・適性,抽象的な,retail は「小売り」という意味だよ。
122,高校生前半,高校標準・B1,16,noun,B1,英日,4択,bin,ごみ箱・容器,「bin」の意味は？,ごみ箱・容器,健康・適性,抽象的な,共和国,bin は「ごみ箱・容器」という意味だよ。
122,高校生前半,高校標準・B1,17,adjective,B1,英日,4択,leading,主要な・先導する,「leading」の意味は？,主要な・先導する,抽象的な,共和国,画像・図表,leading は「主要な・先導する」という意味だよ。
122,高校生前半,高校標準・B1,18,noun,B1,英日,4択,fitness,健康・適性,「fitness」の意味は？,健康・適性,共和国,画像・図表,政治,fitness は「健康・適性」という意味だよ。
122,高校生前半,高校標準・B1,19,adjective,B1,英日,4択,abstract,抽象的な,「abstract」の意味は？,抽象的な,画像・図表,政治,商品,abstract は「抽象的な」という意味だよ。
122,高校生前半,高校標準・B1,20,noun,B1,英日,4択,republic,共和国,「republic」の意味は？,共和国,政治,商品,…に関して,republic は「共和国」という意味だよ。
122,高校生前半,高校標準・B1,21,noun,B1,日英,4択,graphics,画像・図表,「画像・図表」を表す英単語は？,graphics,goods,regarding,minimum,「画像・図表」は英語で graphics と言うよ。
122,高校生前半,高校標準・B1,22,noun,B1,日英,4択,politics,政治,「政治」を表す英単語は？,politics,regarding,minimum,naked,「政治」は英語で politics と言うよ。
122,高校生前半,高校標準・B1,23,noun,B1,日英,4択,goods,商品,「商品」を表す英単語は？,goods,minimum,naked,currency,「商品」は英語で goods と言うよ。
122,高校生前半,高校標準・B1,24,preposition,B1,日英,4択,regarding,…に関して,「…に関して」を表す英単語は？,regarding,naked,currency,fantasy,「…に関して」は英語で regarding と言うよ。
122,高校生前半,高校標準・B1,25,adjective,B1,日英,4択,minimum,最小限,「最小限」を表す英単語は？,minimum,currency,fantasy,breast,「最小限」は英語で minimum と言うよ。
122,高校生前半,高校標準・B1,26,adjective,B1,日英,4択,naked,裸の,「裸の」を表す英単語は？,naked,fantasy,breast,joint,「裸の」は英語で naked と言うよ。
122,高校生前半,高校標準・B1,27,noun,B1,日英,4択,currency,通貨,「通貨」を表す英単語は？,currency,breast,joint,county,「通貨」は英語で currency と言うよ。
122,高校生前半,高校標準・B1,28,noun,B1,日英,4択,fantasy,空想,「空想」を表す英単語は？,fantasy,joint,county,including,「空想」は英語で fantasy と言うよ。
122,高校生前半,高校標準・B1,29,noun,B1,日英,4択,breast,胸,「胸」を表す英単語は？,breast,county,including,provided,「胸」は英語で breast と言うよ。
122,高校生前半,高校標準・B1,30,adjective,B1,日英,4択,joint,関節,「関節」を表す英単語は？,joint,including,provided,edition,「関節」は英語で joint と言うよ。
123,高校生前半,高校標準・B1,1,noun,B1,英日,4択,recovery,回復,「recovery」の意味は？,回復,連続,研究室,円盤・ディスク,recovery は「回復」という意味だよ。
123,高校生前半,高校標準・B1,2,noun,B1,英日,4択,mount,登る・据え付ける,「mount」の意味は？,登る・据え付ける,研究室,円盤・ディスク,保証,mount は「登る・据え付ける」という意味だよ。
123,高校生前半,高校標準・B1,3,noun,B1,英日,4択,sequence,連続,「sequence」の意味は？,連続,円盤・ディスク,保証,悪徳,sequence は「連続」という意味だよ。
123,高校生前半,高校標準・B1,4,noun,B1,英日,4択,lab,研究室,「lab」の意味は？,研究室,保証,悪徳,精算所,lab は「研究室」という意味だよ。
123,高校生前半,高校標準・B1,5,noun,B1,英日,4択,disc,円盤・ディスク,「disc」の意味は？,円盤・ディスク,悪徳,精算所,住居の,disc は「円盤・ディスク」という意味だよ。
123,高校生前半,高校標準・B1,6,noun,B1,英日,4択,warranty,保証,「warranty」の意味は？,保証,精算所,住居の,戦略の,warranty は「保証」という意味だよ。
123,高校生前半,高校標準・B1,7,adjective,B1,英日,4択,vice,悪徳,「vice」の意味は？,悪徳,住居の,戦略の,=doctor,vice は「悪徳」という意味だよ。
123,高校生前半,高校標準・B1,8,noun,B1,英日,4択,checkout,精算所,「checkout」の意味は？,精算所,戦略の,=doctor,薬局・薬学,checkout は「精算所」という意味だよ。
123,高校生前半,高校標準・B1,9,adjective,B1,英日,4択,residential,住居の,「residential」の意味は？,住居の,=doctor,薬局・薬学,独占的な・限定の,residential は「住居の」という意味だよ。
123,高校生前半,高校標準・B1,10,adjective,B1,英日,4択,strategic,戦略の,「strategic」の意味は？,戦略の,薬局・薬学,独占的な・限定の,不死鳥,strategic は「戦略の」という意味だよ。
123,高校生前半,高校標準・B1,11,noun,B1,英日,4択,doc,=doctor,「doc」の意味は？,=doctor,独占的な・限定の,不死鳥,商人,doc は「=doctor」という意味だよ。
123,高校生前半,高校標準・B1,12,noun,B1,英日,4択,pharmacy,薬局・薬学,「pharmacy」の意味は？,薬局・薬学,不死鳥,商人,隠された,pharmacy は「薬局・薬学」という意味だよ。
123,高校生前半,高校標準・B1,13,adjective,B1,英日,4択,exclusive,独占的な・限定の,「exclusive」の意味は？,独占的な・限定の,商人,隠された,改訂・復習,exclusive は「独占的な・限定の」という意味だよ。
123,高校生前半,高校標準・B1,14,noun,B1,英日,4択,phoenix,不死鳥,「phoenix」の意味は？,不死鳥,隠された,改訂・復習,処方箋,phoenix は「不死鳥」という意味だよ。
123,高校生前半,高校標準・B1,15,noun,B1,英日,4択,dealer,商人,「dealer」の意味は？,商人,改訂・復習,処方箋,事務局,dealer は「商人」という意味だよ。
123,高校生前半,高校標準・B1,16,adjective,B1,英日,4択,hidden,隠された,「hidden」の意味は？,隠された,処方箋,事務局,保存,hidden は「隠された」という意味だよ。
123,高校生前半,高校標準・B1,17,noun,B1,英日,4択,revision,改訂・復習,「revision」の意味は？,改訂・復習,事務局,保存,百科事典,revision は「改訂・復習」という意味だよ。
123,高校生前半,高校標準・B1,18,noun,B1,英日,4択,prescription,処方箋,「prescription」の意味は？,処方箋,保存,百科事典,インク,prescription は「処方箋」という意味だよ。
123,高校生前半,高校標準・B1,19,noun,B1,英日,4択,bureau,事務局,「bureau」の意味は？,事務局,百科事典,インク,数学,bureau は「事務局」という意味だよ。
123,高校生前半,高校標準・B1,20,noun,B1,英日,4択,conservation,保存,「conservation」の意味は？,保存,インク,数学,栓,conservation は「保存」という意味だよ。
123,高校生前半,高校標準・B1,21,noun,B1,日英,4択,encyclopedia,百科事典,「百科事典」を表す英単語は？,encyclopedia,mathematics,plug,agenda,「百科事典」は英語で encyclopedia と言うよ。
123,高校生前半,高校標準・B1,22,noun,B1,日英,4択,ink,インク,「インク」を表す英単語は？,ink,plug,agenda,atlantic,「インク」は英語で ink と言うよ。
123,高校生前半,高校標準・B1,23,noun,B1,日英,4択,mathematics,数学,「数学」を表す英単語は？,mathematics,agenda,atlantic,wildlife,「数学」は英語で mathematics と言うよ。
123,高校生前半,高校標準・B1,24,noun,B1,日英,4択,plug,栓,「栓」を表す英単語は？,plug,atlantic,wildlife,buddy,「栓」は英語で plug と言うよ。
123,高校生前半,高校標準・B1,25,noun,B1,日英,4択,agenda,会議事項,「会議事項」を表す英単語は？,agenda,wildlife,buddy,pub,「会議事項」は英語で agenda と言うよ。
123,高校生前半,高校標準・B1,26,adjective,B1,日英,4択,atlantic,大西洋の,「大西洋の」を表す英単語は？,atlantic,buddy,pub,biography,「大西洋の」は英語で atlantic と言うよ。
123,高校生前半,高校標準・B1,27,noun,B1,日英,4択,wildlife,野生生物,「野生生物」を表す英単語は？,wildlife,pub,biography,recovery,「野生生物」は英語で wildlife と言うよ。
123,高校生前半,高校標準・B1,28,noun,B1,日英,4択,buddy,仲間,「仲間」を表す英単語は？,buddy,biography,recovery,mount,「仲間」は英語で buddy と言うよ。
123,高校生前半,高校標準・B1,29,noun,B1,日英,4択,pub,パブ,「パブ」を表す英単語は？,pub,recovery,mount,sequence,「パブ」は英語で pub と言うよ。
123,高校生前半,高校標準・B1,30,noun,B1,日英,4択,biography,伝記,「伝記」を表す英単語は？,biography,mount,sequence,lab,「伝記」は英語で biography と言うよ。
124,高校生前半,高校標準・B1,1,noun,B1,英日,4択,visa,査証,「visa」の意味は？,査証,組織,遠征旅行,縛られた・向かう,visa は「査証」という意味だよ。
124,高校生前半,高校標準・B1,2,adjective,B1,英日,4択,qualified,資格のある,「qualified」の意味は？,資格のある,遠征旅行,縛られた・向かう,検査,qualified は「資格のある」という意味だよ。
124,高校生前半,高校標準・B1,3,noun,B1,英日,4択,organisation,組織,「organisation」の意味は？,組織,縛られた・向かう,検査,障害,organisation は「組織」という意味だよ。
124,高校生前半,高校標準・B1,4,noun,B1,英日,4択,safari,遠征旅行,「safari」の意味は？,遠征旅行,検査,障害,公報,safari は「遠征旅行」という意味だよ。
124,高校生前半,高校標準・B1,5,adjective,B1,英日,4択,bound,縛られた・向かう,「bound」の意味は？,縛られた・向かう,障害,公報,細長いみぞ,bound は「縛られた・向かう」という意味だよ。
124,高校生前半,高校標準・B1,6,noun,B1,英日,4択,inspection,検査,「inspection」の意味は？,検査,公報,細長いみぞ,帝国,inspection は「検査」という意味だよ。
124,高校生前半,高校標準・B1,7,noun,B1,英日,4択,disability,障害,「disability」の意味は？,障害,細長いみぞ,帝国,計算機,disability は「障害」という意味だよ。
124,高校生前半,高校標準・B1,8,noun,B1,英日,4択,bulletin,公報,「bulletin」の意味は？,公報,帝国,計算機,知事,bulletin は「公報」という意味だよ。
124,高校生前半,高校標準・B1,9,noun,B1,英日,4択,slot,細長いみぞ,「slot」の意味は？,細長いみぞ,計算機,知事,公式,slot は「細長いみぞ」という意味だよ。
124,高校生前半,高校標準・B1,10,noun,B1,英日,4択,empire,帝国,「empire」の意味は？,帝国,知事,公式,憲法・構成,empire は「帝国」という意味だよ。
124,高校生前半,高校標準・B1,11,noun,B1,英日,4択,calculator,計算機,「calculator」の意味は？,計算機,公式,憲法・構成,北西,calculator は「計算機」という意味だよ。
124,高校生前半,高校標準・B1,12,noun,B1,英日,4択,governor,知事,「governor」の意味は？,知事,憲法・構成,北西,妊娠している,governor は「知事」という意味だよ。
124,高校生前半,高校標準・B1,13,noun,B1,英日,4択,formula,公式,「formula」の意味は？,公式,北西,妊娠している,精神的な,formula は「公式」という意味だよ。
124,高校生前半,高校標準・B1,14,noun,B1,英日,4択,constitution,憲法・構成,「constitution」の意味は？,憲法・構成,妊娠している,精神的な,貧困,constitution は「憲法・構成」という意味だよ。
124,高校生前半,高校標準・B1,15,adjective,B1,英日,4択,northwest,北西,「northwest」の意味は？,北西,精神的な,貧困,預ける・保証金,northwest は「北西」という意味だよ。
124,高校生前半,高校標準・B1,16,adjective,B1,英日,4択,pregnant,妊娠している,「pregnant」の意味は？,妊娠している,貧困,預ける・保証金,航空会社,pregnant は「妊娠している」という意味だよ。
124,高校生前半,高校標準・B1,17,adjective,B1,英日,4択,spiritual,精神的な,「spiritual」の意味は？,精神的な,預ける・保証金,航空会社,ポンプ,spiritual は「精神的な」という意味だよ。
124,高校生前半,高校標準・B1,18,noun,B1,英日,4択,poverty,貧困,「poverty」の意味は？,貧困,航空会社,ポンプ,目立った・印の付いた,poverty は「貧困」という意味だよ。
124,高校生前半,高校標準・B1,19,noun,B1,英日,4択,deposit,預ける・保証金,「deposit」の意味は？,預ける・保証金,ポンプ,目立った・印の付いた,バンという音,deposit は「預ける・保証金」という意味だよ。
124,高校生前半,高校標準・B1,20,noun,B1,英日,4択,airline,航空会社,「airline」の意味は？,航空会社,目立った・印の付いた,バンという音,解決,airline は「航空会社」という意味だよ。
124,高校生前半,高校標準・B1,21,noun,B1,日英,4択,pump,ポンプ,「ポンプ」を表す英単語は？,pump,bang,settlement,rail,「ポンプ」は英語で pump と言うよ。
124,高校生前半,高校標準・B1,22,adjective,B1,日英,4択,marked,目立った・印の付いた,「目立った・印の付いた」を表す英単語は？,marked,settlement,rail,determination,「目立った・印の付いた」は英語で marked と言うよ。
124,高校生前半,高校標準・B1,23,noun,B1,日英,4択,bang,バンという音,「バンという音」を表す英単語は？,bang,rail,determination,animation,「バンという音」は英語で bang と言うよ。
124,高校生前半,高校標準・B1,24,noun,B1,日英,4択,settlement,解決,「解決」を表す英単語は？,settlement,determination,animation,telecommunications,「解決」は英語で settlement と言うよ。
124,高校生前半,高校標準・B1,25,noun,B1,日英,4択,rail,鉄道・横棒,「鉄道・横棒」を表す英単語は？,rail,animation,telecommunications,prayer,「鉄道・横棒」は英語で rail と言うよ。
124,高校生前半,高校標準・B1,26,noun,B1,日英,4択,determination,決心,「決心」を表す英単語は？,determination,telecommunications,prayer,dial,「決心」は英語で determination と言うよ。
124,高校生前半,高校標準・B1,27,noun,B1,日英,4択,animation,動画・活気,「動画・活気」を表す英単語は？,animation,prayer,dial,visa,「動画・活気」は英語で animation と言うよ。
124,高校生前半,高校標準・B1,28,noun,B1,日英,4択,telecommunications,電信・ラジオ・テレビによる遠距離通信,「電信・ラジオ・テレビによる遠距離通信」を表す英単語は？,telecommunications,dial,visa,qualified,「電信・ラジオ・テレビによる遠距離通信」は英語で telecommunications と言うよ。
124,高校生前半,高校標準・B1,29,noun,B1,日英,4択,prayer,祈り,「祈り」を表す英単語は？,prayer,visa,qualified,organisation,「祈り」は英語で prayer と言うよ。
124,高校生前半,高校標準・B1,30,noun,B1,日英,4択,dial,文字盤,「文字盤」を表す英単語は？,dial,qualified,organisation,safari,「文字盤」は英語で dial と言うよ。
125,高校生前半,高校標準・B1,1,noun,B1,英日,4択,terrorism,テロ行為,「terrorism」の意味は？,テロ行為,相互の,刑務所,燃えている,terrorism は「テロ行為」という意味だよ。
125,高校生前半,高校標準・B1,2,noun,B1,英日,4択,existence,存在,「existence」の意味は？,存在,刑務所,燃えている,組織,existence は「存在」という意味だよ。
125,高校生前半,高校標準・B1,3,adjective,B1,英日,4択,mutual,相互の,「mutual」の意味は？,相互の,燃えている,組織,製陶術,mutual は「相互の」という意味だよ。
125,高校生前半,高校標準・B1,4,noun,B1,英日,4択,prison,刑務所,「prison」の意味は？,刑務所,組織,製陶術,感染,prison は「刑務所」という意味だよ。
125,高校生前半,高校標準・B1,5,adjective,B1,英日,4択,burning,燃えている,「burning」の意味は？,燃えている,製陶術,感染,転がる・起伏のある,burning は「燃えている」という意味だよ。
125,高校生前半,高校標準・B1,6,noun,B1,英日,4択,tissue,組織,「tissue」の意味は？,組織,感染,転がる・起伏のある,放射線,tissue は「組織」という意味だよ。
125,高校生前半,高校標準・B1,7,noun,B1,英日,4択,pottery,製陶術,「pottery」の意味は？,製陶術,転がる・起伏のある,放射線,病棟,pottery は「製陶術」という意味だよ。
125,高校生前半,高校標準・B1,8,noun,B1,英日,4択,infection,感染,「infection」の意味は？,感染,放射線,病棟,獣,infection は「感染」という意味だよ。
125,高校生前半,高校標準・B1,9,adjective,B1,英日,4択,rolling,転がる・起伏のある,「rolling」の意味は？,転がる・起伏のある,病棟,獣,カウンセリング,rolling は「転がる・起伏のある」という意味だよ。
125,高校生前半,高校標準・B1,10,noun,B1,英日,4択,radiation,放射線,「radiation」の意味は？,放射線,獣,カウンセリング,優勝者,radiation は「放射線」という意味だよ。
125,高校生前半,高校標準・B1,11,noun,B1,英日,4択,ward,病棟,「ward」の意味は？,病棟,カウンセリング,優勝者,優秀さ,ward は「病棟」という意味だよ。
125,高校生前半,高校標準・B1,12,noun,B1,英日,4択,beast,獣,「beast」の意味は？,獣,優勝者,優秀さ,真ちゅう,beast は「獣」という意味だよ。
125,高校生前半,高校標準・B1,13,noun,B1,英日,4択,counseling,カウンセリング,「counseling」の意味は？,カウンセリング,優秀さ,真ちゅう,海岸の,counseling は「カウンセリング」という意味だよ。
125,高校生前半,高校標準・B1,14,noun,B1,英日,4択,champion,優勝者,「champion」の意味は？,優勝者,真ちゅう,海岸の,症候群,champion は「優勝者」という意味だよ。
125,高校生前半,高校標準・B1,15,noun,B1,英日,4択,excellence,優秀さ,「excellence」の意味は？,優秀さ,海岸の,症候群,建築業者,excellence は「優秀さ」という意味だよ。
125,高校生前半,高校標準・B1,16,noun,B1,英日,4択,brass,真ちゅう,「brass」の意味は？,真ちゅう,症候群,建築業者,買物客,brass は「真ちゅう」という意味だよ。
125,高校生前半,高校標準・B1,17,adjective,B1,英日,4択,coastal,海岸の,「coastal」の意味は？,海岸の,建築業者,買物客,たばこ,coastal は「海岸の」という意味だよ。
125,高校生前半,高校標準・B1,18,noun,B1,英日,4択,syndrome,症候群,「syndrome」の意味は？,症候群,買物客,たばこ,少数,syndrome は「症候群」という意味だよ。
125,高校生前半,高校標準・B1,19,noun,B1,英日,4択,builder,建築業者,「builder」の意味は？,建築業者,たばこ,少数,防衛,builder は「建築業者」という意味だよ。
125,高校生前半,高校標準・B1,20,noun,B1,英日,4択,shopper,買物客,「shopper」の意味は？,買物客,少数,防衛,差別・区別,shopper は「買物客」という意味だよ。
125,高校生前半,高校標準・B1,21,noun,B1,日英,4択,tobacco,たばこ,「たばこ」を表す英単語は？,tobacco,defence,discrimination,intermediate,「たばこ」は英語で tobacco と言うよ。
125,高校生前半,高校標準・B1,22,noun,B1,日英,4択,minority,少数,「少数」を表す英単語は？,minority,discrimination,intermediate,glory,「少数」は英語で minority と言うよ。
125,高校生前半,高校標準・B1,23,noun,B1,日英,4択,defence,防衛,「防衛」を表す英単語は？,defence,intermediate,glory,silk,「防衛」は英語で defence と言うよ。
125,高校生前半,高校標準・B1,24,noun,B1,日英,4択,discrimination,差別・区別,「差別・区別」を表す英単語は？,discrimination,glory,silk,correction,「差別・区別」は英語で discrimination と言うよ。
125,高校生前半,高校標準・B1,25,adjective,B1,日英,4択,intermediate,中間の,「中間の」を表す英単語は？,intermediate,silk,correction,probability,「中間の」は英語で intermediate と言うよ。
125,高校生前半,高校標準・B1,26,noun,B1,日英,4択,glory,栄光,「栄光」を表す英単語は？,glory,correction,probability,funeral,「栄光」は英語で glory と言うよ。
125,高校生前半,高校標準・B1,27,noun,B1,日英,4択,silk,生糸,「生糸」を表す英単語は？,silk,probability,funeral,terrorism,「生糸」は英語で silk と言うよ。
125,高校生前半,高校標準・B1,28,noun,B1,日英,4択,correction,訂正,「訂正」を表す英単語は？,correction,funeral,terrorism,existence,「訂正」は英語で correction と言うよ。
125,高校生前半,高校標準・B1,29,noun,B1,日英,4択,probability,確率,「確率」を表す英単語は？,probability,terrorism,existence,mutual,「確率」は英語で probability と言うよ。
125,高校生前半,高校標準・B1,30,noun,B1,日英,4択,funeral,葬式,「葬式」を表す英単語は？,funeral,existence,mutual,prison,「葬式」は英語で funeral と言うよ。
126,高校生後半,高校発展・B2,1,adjective,B2,英日,4択,state,州,「state」の意味は？,州,尊重する,要素,基準,state は「州」という意味だよ。
126,高校生後半,高校発展・B2,2,noun,B2,英日,4択,focus,集中,「focus」の意味は？,集中,要素,基準,パーセンテージ,focus は「集中」という意味だよ。
126,高校生後半,高校発展・B2,3,noun,B2,英日,4択,regard,尊重する,「regard」の意味は？,尊重する,基準,パーセンテージ,内容,regard は「尊重する」という意味だよ。
126,高校生後半,高校発展・B2,4,noun,B2,英日,4択,factor,要素,「factor」の意味は？,要素,パーセンテージ,内容,識別する,factor は「要素」という意味だよ。
126,高校生後半,高校発展・B2,5,adjective,B2,英日,4択,standard,基準,「standard」の意味は？,基準,内容,識別する,前進,standard は「基準」という意味だよ。
126,高校生後半,高校発展・B2,6,noun,B2,英日,4択,percentage,パーセンテージ,「percentage」の意味は？,パーセンテージ,識別する,前進,深い,percentage は「パーセンテージ」という意味だよ。
126,高校生後半,高校発展・B2,7,adjective,B2,英日,4択,content,内容,「content」の意味は？,内容,前進,深い,見積もり,content は「内容」という意味だよ。
126,高校生後半,高校発展・B2,8,verb,B2,英日,4択,identify,識別する,「identify」の意味は？,識別する,深い,見積もり,購入,identify は「識別する」という意味だよ。
126,高校生後半,高校発展・B2,9,noun,B2,英日,4択,advance,前進,「advance」の意味は？,前進,見積もり,購入,下がる,advance は「前進」という意味だよ。
126,高校生後半,高校発展・B2,10,adjective,B2,英日,4択,deep,深い,「deep」の意味は？,深い,購入,下がる,潜在的,deep は「深い」という意味だよ。
126,高校生後半,高校発展・B2,11,noun,B2,英日,4択,estimate,見積もり,「estimate」の意味は？,見積もり,下がる,潜在的,専門家,estimate は「見積もり」という意味だよ。
126,高校生後半,高校発展・B2,12,noun,B2,英日,4択,purchase,購入,「purchase」の意味は？,購入,潜在的,専門家,従業員,purchase は「購入」という意味だよ。
126,高校生後半,高校発展・B2,13,noun,B2,英日,4択,hang,下がる,「hang」の意味は？,下がる,専門家,従業員,全体,hang は「下がる」という意味だよ。
126,高校生後半,高校発展・B2,14,adjective,B2,英日,4択,potential,潜在的,「potential」の意味は？,潜在的,従業員,全体,予算,potential は「潜在的」という意味だよ。
126,高校生後半,高校発展・B2,15,adjective,B2,英日,4択,expert,専門家,「expert」の意味は？,専門家,全体,予算,会議,expert は「専門家」という意味だよ。
126,高校生後半,高校発展・B2,16,noun,B2,英日,4択,employee,従業員,「employee」の意味は？,従業員,予算,会議,利益,employee は「従業員」という意味だよ。
126,高校生後半,高校発展・B2,17,adjective,B2,英日,4択,overall,全体,「overall」の意味は？,全体,会議,利益,主要な,overall は「全体」という意味だよ。
126,高校生後半,高校発展・B2,18,adjective,B2,英日,4択,budget,予算,「budget」の意味は？,予算,利益,主要な,反応,budget は「予算」という意味だよ。
126,高校生後半,高校発展・B2,19,noun,B2,英日,4択,conference,会議,「conference」の意味は？,会議,主要な,反応,厳しい,conference は「会議」という意味だよ。
126,高校生後半,高校発展・B2,20,noun,B2,英日,4択,profit,利益,「profit」の意味は？,利益,反応,厳しい,実際の,profit は「利益」という意味だよ。
126,高校生後半,高校発展・B2,21,adjective,B2,日英,4択,primary,主要な,「主要な」を表す英単語は？,primary,tough,actual,decade,「主要な」は英語で primary と言うよ。
126,高校生後半,高校発展・B2,22,noun,B2,日英,4択,reaction,反応,「反応」を表す英単語は？,reaction,actual,decade,characteristic,「反応」は英語で reaction と言うよ。
126,高校生後半,高校発展・B2,23,adjective,B2,日英,4択,tough,厳しい,「厳しい」を表す英単語は？,tough,decade,characteristic,investigate,「厳しい」は英語で tough と言うよ。
126,高校生後半,高校発展・B2,24,adjective,B2,日英,4択,actual,実際の,「実際の」を表す英単語は？,actual,characteristic,investigate,transfer,「実際の」は英語で actual と言うよ。
126,高校生後半,高校発展・B2,25,noun,B2,日英,4択,decade,十年,「十年」を表す英単語は？,decade,investigate,transfer,user,「十年」は英語で decade と言うよ。
126,高校生後半,高校発展・B2,26,adjective,B2,日英,4択,characteristic,特徴,「特徴」を表す英単語は？,characteristic,transfer,user,import,「特徴」は英語で characteristic と言うよ。
126,高校生後半,高校発展・B2,27,verb,B2,日英,4択,investigate,調査する,「調査する」を表す英単語は？,investigate,user,import,state,「調査する」は英語で investigate と言うよ。
126,高校生後半,高校発展・B2,28,noun,B2,日英,4択,transfer,移す・移動,「移す・移動」を表す英単語は？,transfer,import,state,focus,「移す・移動」は英語で transfer と言うよ。
126,高校生後半,高校発展・B2,29,noun,B2,日英,4択,user,ユーザー,「ユーザー」を表す英単語は？,user,state,focus,regard,「ユーザー」は英語で user と言うよ。
126,高校生後半,高校発展・B2,30,verb,B2,日英,4択,import,輸入,「輸入」を表す英単語は？,import,focus,regard,factor,「輸入」は英語で import と言うよ。
127,高校生後半,高校発展・B2,1,noun,B2,英日,4択,circumstance,状況,「circumstance」の意味は？,状況,打つ,ラベル,同僚,circumstance は「状況」という意味だよ。
127,高校生後半,高校発展・B2,2,noun,B2,英日,4択,outcome,結果,「outcome」の意味は？,結果,ラベル,同僚,習得する・達人,outcome は「結果」という意味だよ。
127,高校生後半,高校発展・B2,3,noun,B2,英日,4択,beat,打つ,「beat」の意味は？,打つ,同僚,習得する・達人,雇用する,beat は「打つ」という意味だよ。
127,高校生後半,高校発展・B2,4,noun,B2,英日,4択,label,ラベル,「label」の意味は？,ラベル,習得する・達人,雇用する,機関,label は「ラベル」という意味だよ。
127,高校生後半,高校発展・B2,5,noun,B2,英日,4択,colleague,同僚,「colleague」の意味は？,同僚,雇用する,機関,キャンペーン,colleague は「同僚」という意味だよ。
127,高校生後半,高校発展・B2,6,noun,B2,英日,4択,master,習得する・達人,「master」の意味は？,習得する・達人,機関,キャンペーン,テーマ,master は「習得する・達人」という意味だよ。
127,高校生後半,高校発展・B2,7,verb,B2,英日,4択,employ,雇用する,「employ」の意味は？,雇用する,キャンペーン,テーマ,視点,employ は「雇用する」という意味だよ。
127,高校生後半,高校発展・B2,8,noun,B2,英日,4択,institution,機関,「institution」の意味は？,機関,テーマ,視点,試み・裁判,institution は「機関」という意味だよ。
127,高校生後半,高校発展・B2,9,noun,B2,英日,4択,campaign,キャンペーン,「campaign」の意味は？,キャンペーン,視点,試み・裁判,絶え間ない,campaign は「キャンペーン」という意味だよ。
127,高校生後半,高校発展・B2,10,noun,B2,英日,4択,theme,テーマ,「theme」の意味は？,テーマ,試み・裁判,絶え間ない,一方,theme は「テーマ」という意味だよ。
127,高校生後半,高校発展・B2,11,noun,B2,英日,4択,perspective,視点,「perspective」の意味は？,視点,絶え間ない,一方,暗示する,perspective は「視点」という意味だよ。
127,高校生後半,高校発展・B2,12,noun,B2,英日,4択,trial,試み・裁判,「trial」の意味は？,試み・裁判,一方,暗示する,国内,trial は「試み・裁判」という意味だよ。
127,高校生後半,高校発展・B2,13,adjective,B2,英日,4択,constant,絶え間ない,「constant」の意味は？,絶え間ない,暗示する,国内,シフト,constant は「絶え間ない」という意味だよ。
127,高校生後半,高校発展・B2,14,conjunction,B2,英日,4択,whereas,一方,「whereas」の意味は？,一方,国内,シフト,おすすめ,whereas は「一方」という意味だよ。
127,高校生後半,高校発展・B2,15,verb,B2,英日,4択,imply,暗示する,「imply」の意味は？,暗示する,シフト,おすすめ,効果的に,imply は「暗示する」という意味だよ。
127,高校生後半,高校発展・B2,16,adjective,B2,英日,4択,domestic,国内,「domestic」の意味は？,国内,おすすめ,効果的に,ピーク,domestic は「国内」という意味だよ。
127,高校生後半,高校発展・B2,17,noun,B2,英日,4択,shift,シフト,「shift」の意味は？,シフト,効果的に,ピーク,以前,shift は「シフト」という意味だよ。
127,高校生後半,高校発展・B2,18,noun,B2,英日,4択,recommendation,おすすめ,「recommendation」の意味は？,おすすめ,ピーク,以前,支払い,recommendation は「おすすめ」という意味だよ。
127,高校生後半,高校発展・B2,19,adverb,B2,英日,4択,effectively,効果的に,「effectively」の意味は？,効果的に,以前,支払い,候補者,effectively は「効果的に」という意味だよ。
127,高校生後半,高校発展・B2,20,noun,B2,英日,4択,peak,ピーク,「peak」の意味は？,ピーク,支払い,候補者,契約,peak は「ピーク」という意味だよ。
127,高校生後半,高校発展・B2,21,adverb,B2,日英,4択,previously,以前,「以前」を表す英単語は？,previously,candidate,contract,initial,「以前」は英語で previously と言うよ。
127,高校生後半,高校発展・B2,22,noun,B2,日英,4択,payment,支払い,「支払い」を表す英単語は？,payment,contract,initial,investment,「支払い」は英語で payment と言うよ。
127,高校生後半,高校発展・B2,23,noun,B2,日英,4択,candidate,候補者,「候補者」を表す英単語は？,candidate,initial,investment,ease,「候補者」は英語で candidate と言うよ。
127,高校生後半,高校発展・B2,24,noun,B2,日英,4択,contract,契約,「契約」を表す英単語は？,contract,investment,ease,expectation,「契約」は英語で contract と言うよ。
127,高校生後半,高校発展・B2,25,adjective,B2,日英,4択,initial,イニシャル,「イニシャル」を表す英単語は？,initial,ease,expectation,illustrate,「イニシャル」は英語で initial と言うよ。
127,高校生後半,高校発展・B2,26,noun,B2,日英,4択,investment,投資,「投資」を表す英単語は？,investment,expectation,illustrate,priority,「投資」は英語で investment と言うよ。
127,高校生後半,高校発展・B2,27,noun,B2,日英,4択,ease,容易に,「容易に」を表す英単語は？,ease,illustrate,priority,circumstance,「容易に」は英語で ease と言うよ。
127,高校生後半,高校発展・B2,28,noun,B2,日英,4択,expectation,期待,「期待」を表す英単語は？,expectation,priority,circumstance,outcome,「期待」は英語で expectation と言うよ。
127,高校生後半,高校発展・B2,29,verb,B2,日英,4択,illustrate,例示する,「例示する」を表す英単語は？,illustrate,circumstance,outcome,beat,「例示する」は英語で illustrate と言うよ。
127,高校生後半,高校発展・B2,30,noun,B2,日英,4択,priority,優先度,「優先度」を表す英単語は？,priority,outcome,beat,label,「優先度」は英語で priority と言うよ。
128,高校生後半,高校発展・B2,1,adjective,B2,英日,4択,overseas,海外,「overseas」の意味は？,海外,幾分,給料,衣類,overseas は「海外」という意味だよ。
128,高校生後半,高校発展・B2,2,adverb,B2,英日,4択,originally,元は,「originally」の意味は？,元は,給料,衣類,わずかな,originally は「元は」という意味だよ。
128,高校生後半,高校発展・B2,3,adverb,B2,英日,4択,somewhat,幾分,「somewhat」の意味は？,幾分,衣類,わずかな,展示する,somewhat は「幾分」という意味だよ。
128,高校生後半,高校発展・B2,4,noun,B2,英日,4択,salary,給料,「salary」の意味は？,給料,わずかな,展示する,目的・客観的な,salary は「給料」という意味だよ。
128,高校生後半,高校発展・B2,5,noun,B2,英日,4択,clothing,衣類,「clothing」の意味は？,衣類,展示する,目的・客観的な,提出する,clothing は「衣類」という意味だよ。
128,高校生後半,高校発展・B2,6,adjective,B2,英日,4択,slight,わずかな,「slight」の意味は？,わずかな,目的・客観的な,提出する,下書き,slight は「わずかな」という意味だよ。
128,高校生後半,高校発展・B2,7,verb,B2,英日,4択,exhibit,展示する,「exhibit」の意味は？,展示する,提出する,下書き,バージョン,exhibit は「展示する」という意味だよ。
128,高校生後半,高校発展・B2,8,adjective,B2,英日,4択,objective,目的・客観的な,「objective」の意味は？,目的・客観的な,下書き,バージョン,構成要素,objective は「目的・客観的な」という意味だよ。
128,高校生後半,高校発展・B2,9,verb,B2,英日,4択,submit,提出する,「submit」の意味は？,提出する,バージョン,構成要素,手順,submit は「提出する」という意味だよ。
128,高校生後半,高校発展・B2,10,noun,B2,英日,4択,draft,下書き,「draft」の意味は？,下書き,構成要素,手順,西部,draft は「下書き」という意味だよ。
128,高校生後半,高校発展・B2,11,noun,B2,英日,4択,version,バージョン,「version」の意味は？,バージョン,手順,西部,壮大な,version は「バージョン」という意味だよ。
128,高校生後半,高校発展・B2,12,noun,B2,英日,4択,component,構成要素,「component」の意味は？,構成要素,西部,壮大な,技術的な,component は「構成要素」という意味だよ。
128,高校生後半,高校発展・B2,13,noun,B2,英日,4択,procedure,手順,「procedure」の意味は？,手順,壮大な,技術的な,必然的に,procedure は「手順」という意味だよ。
128,高校生後半,高校発展・B2,14,adjective,B2,英日,4択,western,西部,「western」の意味は？,西部,技術的な,必然的に,述べる,western は「西部」という意味だよ。
128,高校生後半,高校発展・B2,15,adjective,B2,英日,4択,grand,壮大な,「grand」の意味は？,壮大な,必然的に,述べる,デザイナー,grand は「壮大な」という意味だよ。
128,高校生後半,高校発展・B2,16,adjective,B2,英日,4択,technical,技術的な,「technical」の意味は？,技術的な,述べる,デザイナー,都会的な,technical は「技術的な」という意味だよ。
128,高校生後半,高校発展・B2,17,adverb,B2,英日,4択,necessarily,必然的に,「necessarily」の意味は？,必然的に,デザイナー,都会的な,敏感な,necessarily は「必然的に」という意味だよ。
128,高校生後半,高校発展・B2,18,noun,B2,英日,4択,remark,述べる,「remark」の意味は？,述べる,都会的な,敏感な,批判,remark は「述べる」という意味だよ。
128,高校生後半,高校発展・B2,19,adjective,B2,英日,4択,designer,デザイナー,「designer」の意味は？,デザイナー,敏感な,批判,輸出,designer は「デザイナー」という意味だよ。
128,高校生後半,高校発展・B2,20,adjective,B2,英日,4択,urban,都会的な,「urban」の意味は？,都会的な,批判,輸出,ローン,urban は「都会的な」という意味だよ。
128,高校生後半,高校発展・B2,21,adjective,B2,日英,4択,sensitive,敏感な,「敏感な」を表す英単語は？,sensitive,export,loan,latter,「敏感な」は英語で sensitive と言うよ。
128,高校生後半,高校発展・B2,22,noun,B2,日英,4択,criticism,批判,「批判」を表す英単語は？,criticism,loan,latter,relief,「批判」は英語で criticism と言うよ。
128,高校生後半,高校発展・B2,23,noun,B2,日英,4択,export,輸出,「輸出」を表す英単語は？,export,latter,relief,threaten,「輸出」は英語で export と言うよ。
128,高校生後半,高校発展・B2,24,noun,B2,日英,4択,loan,ローン,「ローン」を表す英単語は？,loan,relief,threaten,odd,「ローン」は英語で loan と言うよ。
128,高校生後半,高校発展・B2,25,adjective,B2,日英,4択,latter,後者,「後者」を表す英単語は？,latter,threaten,odd,manufacture,「後者」は英語で latter と言うよ。
128,高校生後半,高校発展・B2,26,noun,B2,日英,4択,relief,安心,「安心」を表す英単語は？,relief,odd,manufacture,revolution,「安心」は英語で relief と言うよ。
128,高校生後半,高校発展・B2,27,verb,B2,日英,4択,threaten,脅かす,「脅かす」を表す英単語は？,threaten,manufacture,revolution,overseas,「脅かす」は英語で threaten と言うよ。
128,高校生後半,高校発展・B2,28,adjective,B2,日英,4択,odd,奇妙な・奇数の,「奇妙な・奇数の」を表す英単語は？,odd,revolution,overseas,originally,「奇妙な・奇数の」は英語で odd と言うよ。
128,高校生後半,高校発展・B2,29,noun,B2,日英,4択,manufacture,製造,「製造」を表す英単語は？,manufacture,overseas,originally,somewhat,「製造」は英語で manufacture と言うよ。
128,高校生後半,高校発展・B2,30,noun,B2,日英,4択,revolution,革命,「革命」を表す英単語は？,revolution,originally,somewhat,salary,「革命」は英語で revolution と言うよ。
129,高校生後半,高校発展・B2,1,noun,B2,英日,4択,update,アップデート,「update」の意味は？,アップデート,概要,パネル,田舎の,update は「アップデート」という意味だよ。
129,高校生後半,高校発展・B2,2,noun,B2,英日,4択,regret,後悔,「regret」の意味は？,後悔,パネル,田舎の,大幅,regret は「後悔」という意味だよ。
129,高校生後半,高校発展・B2,3,noun,B2,英日,4択,outline,概要,「outline」の意味は？,概要,田舎の,大幅,知覚する,outline は「概要」という意味だよ。
129,高校生後半,高校発展・B2,4,noun,B2,英日,4択,panel,パネル,「panel」の意味は？,パネル,大幅,知覚する,モーション,panel は「パネル」という意味だよ。
129,高校生後半,高校発展・B2,5,adjective,B2,英日,4択,rural,田舎の,「rural」の意味は？,田舎の,知覚する,モーション,分割,rural は「田舎の」という意味だよ。
129,高校生後半,高校発展・B2,6,adverb,B2,英日,4択,significantly,大幅,「significantly」の意味は？,大幅,モーション,分割,危害,significantly は「大幅」という意味だよ。
129,高校生後半,高校発展・B2,7,verb,B2,英日,4択,perceive,知覚する,「perceive」の意味は？,知覚する,分割,危害,認識,perceive は「知覚する」という意味だよ。
129,高校生後半,高校発展・B2,8,noun,B2,英日,4択,motion,モーション,「motion」の意味は？,モーション,危害,認識,変更する,motion は「モーション」という意味だよ。
129,高校生後半,高校発展・B2,9,noun,B2,英日,4択,division,分割,「division」の意味は？,分割,認識,変更する,在庫・株式,division は「分割」という意味だよ。
129,高校生後半,高校発展・B2,10,noun,B2,英日,4択,harm,危害,「harm」の意味は？,危害,変更する,在庫・株式,目撃者,harm は「危害」という意味だよ。
129,高校生後半,高校発展・B2,11,noun,B2,英日,4択,perception,認識,「perception」の意味は？,認識,在庫・株式,目撃者,重要な,perception は「認識」という意味だよ。
129,高校生後半,高校発展・B2,12,verb,B2,英日,4択,alter,変更する,「alter」の意味は？,変更する,目撃者,重要な,小片・半導体,alter は「変更する」という意味だよ。
129,高校生後半,高校発展・B2,13,noun,B2,英日,4択,stock,在庫・株式,「stock」の意味は？,在庫・株式,重要な,小片・半導体,ハイライト,stock は「在庫・株式」という意味だよ。
129,高校生後半,高校発展・B2,14,noun,B2,英日,4択,witness,目撃者,「witness」の意味は？,目撃者,小片・半導体,ハイライト,スイング,witness は「目撃者」という意味だよ。
129,高校生後半,高校発展・B2,15,adjective,B2,英日,4択,vital,重要な,「vital」の意味は？,重要な,ハイライト,スイング,関係なく,vital は「重要な」という意味だよ。
129,高校生後半,高校発展・B2,16,noun,B2,英日,4択,chip,小片・半導体,「chip」の意味は？,小片・半導体,スイング,関係なく,変化,chip は「小片・半導体」という意味だよ。
129,高校生後半,高校発展・B2,17,noun,B2,英日,4択,highlight,ハイライト,「highlight」の意味は？,ハイライト,関係なく,変化,複数,highlight は「ハイライト」という意味だよ。
129,高校生後半,高校発展・B2,18,noun,B2,英日,4択,swing,スイング,「swing」の意味は？,スイング,変化,複数,福祉,swing は「スイング」という意味だよ。
129,高校生後半,高校発展・B2,19,adverb,B2,英日,4択,regardless,関係なく,「regardless」の意味は？,関係なく,複数,福祉,物質,regardless は「関係なく」という意味だよ。
129,高校生後半,高校発展・B2,20,adjective,B2,英日,4択,crucial,重要な,「crucial」の意味は？,重要な,福祉,物質,具体的には,crucial は「重要な」という意味だよ。
129,高校生後半,高校発展・B2,21,noun,B2,日英,4択,variation,変化,「変化」を表す英単語は？,variation,welfare,substance,specifically,「変化」は英語で variation と言うよ。
129,高校生後半,高校発展・B2,22,adjective,B2,日英,4択,multiple,複数,「複数」を表す英単語は？,multiple,substance,specifically,soil,「複数」は英語で multiple と言うよ。
129,高校生後半,高校発展・B2,23,noun,B2,日英,4択,welfare,福祉,「福祉」を表す英単語は？,welfare,specifically,soil,universal,「福祉」は英語で welfare と言うよ。
129,高校生後半,高校発展・B2,24,noun,B2,日英,4択,substance,物質,「物質」を表す英単語は？,substance,soil,universal,creation,「物質」は英語で substance と言うよ。
129,高校生後半,高校発展・B2,25,adverb,B2,日英,4択,specifically,具体的には,「具体的には」を表す英単語は？,specifically,universal,creation,flexible,「具体的には」は英語で specifically と言うよ。
129,高校生後半,高校発展・B2,26,noun,B2,日英,4択,soil,土壌,「土壌」を表す英単語は？,soil,creation,flexible,discipline,「土壌」は英語で soil と言うよ。
129,高校生後半,高校発展・B2,27,adjective,B2,日英,4択,universal,普遍的,「普遍的」を表す英単語は？,universal,flexible,discipline,update,「普遍的」は英語で universal と言うよ。
129,高校生後半,高校発展・B2,28,noun,B2,日英,4択,creation,創造,「創造」を表す英単語は？,creation,discipline,update,regret,「創造」は英語で creation と言うよ。
129,高校生後半,高校発展・B2,29,adjective,B2,日英,4択,flexible,フレキシブル,「フレキシブル」を表す英単語は？,flexible,update,regret,outline,「フレキシブル」は英語で flexible と言うよ。
129,高校生後半,高校発展・B2,30,noun,B2,日英,4択,discipline,規律,「規律」を表す英単語は？,discipline,regret,outline,panel,「規律」は英語で discipline と言うよ。
130,高校生後半,高校発展・B2,1,noun,B2,英日,4択,counter,反対する・売り台,「counter」の意味は？,反対する・売り台,変換する,仲間,強化する,counter は「反対する・売り台」という意味だよ。
130,高校生後半,高校発展・B2,2,adjective,B2,英日,4択,pretend,演じる,「pretend」の意味は？,演じる,仲間,強化する,信仰,pretend は「演じる」という意味だよ。
130,高校生後半,高校発展・B2,3,verb,B2,英日,4択,convert,変換する,「convert」の意味は？,変換する,強化する,信仰,評価する,convert は「変換する」という意味だよ。
130,高校生後半,高校発展・B2,4,adjective,B2,英日,4択,fellow,仲間,「fellow」の意味は？,仲間,信仰,評価する,成熟した,fellow は「仲間」という意味だよ。
130,高校生後半,高校発展・B2,5,verb,B2,英日,4択,enhance,強化する,「enhance」の意味は？,強化する,評価する,成熟した,逆行する,enhance は「強化する」という意味だよ。
130,高校生後半,高校発展・B2,6,noun,B2,英日,4択,faith,信仰,「faith」の意味は？,信仰,成熟した,逆行する,姿勢・引き起こす,faith は「信仰」という意味だよ。
130,高校生後半,高校発展・B2,7,verb,B2,英日,4択,evaluate,評価する,「evaluate」の意味は？,評価する,逆行する,姿勢・引き起こす,大会・慣習,evaluate は「評価する」という意味だよ。
130,高校生後半,高校発展・B2,8,adjective,B2,英日,4択,mature,成熟した,「mature」の意味は？,成熟した,姿勢・引き起こす,大会・慣習,指数,mature は「成熟した」という意味だよ。
130,高校生後半,高校発展・B2,9,verb,B2,英日,4択,reverse,逆行する,「reverse」の意味は？,逆行する,大会・慣習,指数,投げる・配役,reverse は「逆行する」という意味だよ。
130,高校生後半,高校発展・B2,10,noun,B2,英日,4択,pose,姿勢・引き起こす,「pose」の意味は？,姿勢・引き起こす,指数,投げる・配役,保証する,pose は「姿勢・引き起こす」という意味だよ。
130,高校生後半,高校発展・B2,11,noun,B2,英日,4択,convention,大会・慣習,「convention」の意味は？,大会・慣習,投げる・配役,保証する,協力,convention は「大会・慣習」という意味だよ。
130,高校生後半,高校発展・B2,12,noun,B2,英日,4択,index,指数,「index」の意味は？,指数,保証する,協力,スペア,index は「指数」という意味だよ。
130,高校生後半,高校発展・B2,13,noun,B2,英日,4択,cast,投げる・配役,「cast」の意味は？,投げる・配役,協力,スペア,クルー,cast は「投げる・配役」という意味だよ。
130,高校生後半,高校発展・B2,14,verb,B2,英日,4択,assure,保証する,「assure」の意味は？,保証する,スペア,クルー,図,assure は「保証する」という意味だよ。
130,高校生後半,高校発展・B2,15,noun,B2,英日,4択,cooperation,協力,「cooperation」の意味は？,協力,クルー,図,禁止,cooperation は「協力」という意味だよ。
130,高校生後半,高校発展・B2,16,adjective,B2,英日,4択,spare,スペア,「spare」の意味は？,スペア,図,禁止,仮定,spare は「スペア」という意味だよ。
130,高校生後半,高校発展・B2,17,noun,B2,英日,4択,crew,クルー,「crew」の意味は？,クルー,禁止,仮定,大臣,crew は「クルー」という意味だよ。
130,高校生後半,高校発展・B2,18,noun,B2,英日,4択,illustration,図,「illustration」の意味は？,図,仮定,大臣,退職,illustration は「図」という意味だよ。
130,高校生後半,高校発展・B2,19,noun,B2,英日,4択,ban,禁止,「ban」の意味は？,禁止,大臣,退職,賃金,ban は「禁止」という意味だよ。
130,高校生後半,高校発展・B2,20,noun,B2,英日,4択,assumption,仮定,「assumption」の意味は？,仮定,退職,賃金,解釈,assumption は「仮定」という意味だよ。
130,高校生後半,高校発展・B2,21,noun,B2,日英,4択,minister,大臣,「大臣」を表す英単語は？,minister,wage,interpretation,portion,「大臣」は英語で minister と言うよ。
130,高校生後半,高校発展・B2,22,noun,B2,日英,4択,retirement,退職,「退職」を表す英単語は？,retirement,interpretation,portion,anticipate,「退職」は英語で retirement と言うよ。
130,高校生後半,高校発展・B2,23,noun,B2,日英,4択,wage,賃金,「賃金」を表す英単語は？,wage,portion,anticipate,defeat,「賃金」は英語で wage と言うよ。
130,高校生後半,高校発展・B2,24,noun,B2,日英,4択,interpretation,解釈,「解釈」を表す英単語は？,interpretation,anticipate,defeat,cope,「解釈」は英語で interpretation と言うよ。
130,高校生後半,高校発展・B2,25,noun,B2,日英,4択,portion,部分,「部分」を表す英単語は？,portion,defeat,cope,fundamental,「部分」は英語で portion と言うよ。
130,高校生後半,高校発展・B2,26,verb,B2,日英,4択,anticipate,予想する,「予想する」を表す英単語は？,anticipate,cope,fundamental,corporation,「予想する」は英語で anticipate と言うよ。
130,高校生後半,高校発展・B2,27,noun,B2,日英,4択,defeat,敗北,「敗北」を表す英単語は？,defeat,fundamental,corporation,counter,「敗北」は英語で defeat と言うよ。
130,高校生後半,高校発展・B2,28,verb,B2,日英,4択,cope,対処する,「対処する」を表す英単語は？,cope,corporation,counter,pretend,「対処する」は英語で cope と言うよ。
130,高校生後半,高校発展・B2,29,adjective,B2,日英,4択,fundamental,基本的,「基本的」を表す英単語は？,fundamental,counter,pretend,convert,「基本的」は英語で fundamental と言うよ。
130,高校生後半,高校発展・B2,30,noun,B2,日英,4択,corporation,企業,「企業」を表す英単語は？,corporation,pretend,convert,fellow,「企業」は英語で corporation と言うよ。
131,高校生後半,高校発展・B2,1,verb,B2,英日,4択,recruit,募集する,「recruit」の意味は？,募集する,裕福な,解釈する,割れ目,recruit は「募集する」という意味だよ。
131,高校生後半,高校発展・B2,2,noun,B2,英日,4択,opponent,対戦相手,「opponent」の意味は？,対戦相手,解釈する,割れ目,進化する,opponent は「対戦相手」という意味だよ。
131,高校生後半,高校発展・B2,3,adjective,B2,英日,4択,wealthy,裕福な,「wealthy」の意味は？,裕福な,割れ目,進化する,炭素,wealthy は「裕福な」という意味だよ。
131,高校生後半,高校発展・B2,4,verb,B2,英日,4択,interpret,解釈する,「interpret」の意味は？,解釈する,進化する,炭素,エスニック,interpret は「解釈する」という意味だよ。
131,高校生後半,高校発展・B2,5,noun,B2,英日,4択,crack,割れ目,「crack」の意味は？,割れ目,炭素,エスニック,犯罪者・犯罪の,crack は「割れ目」という意味だよ。
131,高校生後半,高校発展・B2,6,verb,B2,英日,4択,evolve,進化する,「evolve」の意味は？,進化する,エスニック,犯罪者・犯罪の,雇用主,evolve は「進化する」という意味だよ。
131,高校生後半,高校発展・B2,7,noun,B2,英日,4択,carbon,炭素,「carbon」の意味は？,炭素,犯罪者・犯罪の,雇用主,しっぽ,carbon は「炭素」という意味だよ。
131,高校生後半,高校発展・B2,8,adjective,B2,英日,4択,ethnic,エスニック,「ethnic」の意味は？,エスニック,雇用主,しっぽ,見通し,ethnic は「エスニック」という意味だよ。
131,高校生後半,高校発展・B2,9,adjective,B2,英日,4択,criminal,犯罪者・犯罪の,「criminal」の意味は？,犯罪者・犯罪の,しっぽ,見通し,喉,criminal は「犯罪者・犯罪の」という意味だよ。
131,高校生後半,高校発展・B2,10,noun,B2,英日,4択,employer,雇用主,「employer」の意味は？,雇用主,見通し,喉,移民,employer は「雇用主」という意味だよ。
131,高校生後半,高校発展・B2,11,noun,B2,英日,4択,tail,しっぽ,「tail」の意味は？,しっぽ,喉,移民,検出する,tail は「しっぽ」という意味だよ。
131,高校生後半,高校発展・B2,12,noun,B2,英日,4択,prospect,見通し,「prospect」の意味は？,見通し,移民,検出する,現代の,prospect は「見通し」という意味だよ。
131,高校生後半,高校発展・B2,13,noun,B2,英日,4択,throat,喉,「throat」の意味は？,喉,検出する,現代の,帆,throat は「喉」という意味だよ。
131,高校生後半,高校発展・B2,14,noun,B2,英日,4択,immigrant,移民,「immigrant」の意味は？,移民,現代の,帆,財産・土地,immigrant は「移民」という意味だよ。
131,高校生後半,高校発展・B2,15,verb,B2,英日,4択,detect,検出する,「detect」の意味は？,検出する,帆,財産・土地,一貫性のある,detect は「検出する」という意味だよ。
131,高校生後半,高校発展・B2,16,adjective,B2,英日,4択,contemporary,現代の,「contemporary」の意味は？,現代の,財産・土地,一貫性のある,劇的に,contemporary は「現代の」という意味だよ。
131,高校生後半,高校発展・B2,17,verb,B2,英日,4択,sail,帆,「sail」の意味は？,帆,一貫性のある,劇的に,献身する,sail は「帆」という意味だよ。
131,高校生後半,高校発展・B2,18,noun,B2,英日,4択,estate,財産・土地,「estate」の意味は？,財産・土地,劇的に,献身する,宿泊施設,estate は「財産・土地」という意味だよ。
131,高校生後半,高校発展・B2,19,adjective,B2,英日,4択,consistent,一貫性のある,「consistent」の意味は？,一貫性のある,献身する,宿泊施設,評価,consistent は「一貫性のある」という意味だよ。
131,高校生後半,高校発展・B2,20,adverb,B2,英日,4択,dramatically,劇的に,「dramatically」の意味は？,劇的に,宿泊施設,評価,注視する,dramatically は「劇的に」という意味だよ。
131,高校生後半,高校発展・B2,21,verb,B2,日英,4択,devote,献身する,「献身する」を表す英単語は？,devote,evaluation,gaze,recognition,「献身する」は英語で devote と言うよ。
131,高校生後半,高校発展・B2,22,noun,B2,日英,4択,accommodation,宿泊施設,「宿泊施設」を表す英単語は？,accommodation,gaze,recognition,cable,「宿泊施設」は英語で accommodation と言うよ。
131,高校生後半,高校発展・B2,23,noun,B2,日英,4択,evaluation,評価,「評価」を表す英単語は？,evaluation,recognition,cable,gently,「評価」は英語で evaluation と言うよ。
131,高校生後半,高校発展・B2,24,noun,B2,日英,4択,gaze,注視する,「注視する」を表す英単語は？,gaze,cable,gently,solar,「注視する」は英語で gaze と言うよ。
131,高校生後半,高校発展・B2,25,noun,B2,日英,4択,recognition,認識・承認,「認識・承認」を表す英単語は？,recognition,gently,solar,supplier,「認識・承認」は英語で recognition と言うよ。
131,高校生後半,高校発展・B2,26,noun,B2,日英,4択,cable,ケーブル,「ケーブル」を表す英単語は？,cable,solar,supplier,exception,「ケーブル」は英語で cable と言うよ。
131,高校生後半,高校発展・B2,27,adverb,B2,日英,4択,gently,優しく,「優しく」を表す英単語は？,gently,supplier,exception,recruit,「優しく」は英語で gently と言うよ。
131,高校生後半,高校発展・B2,28,adjective,B2,日英,4択,solar,太陽の,「太陽の」を表す英単語は？,solar,exception,recruit,opponent,「太陽の」は英語で solar と言うよ。
131,高校生後半,高校発展・B2,29,noun,B2,日英,4択,supplier,サプライヤー,「サプライヤー」を表す英単語は？,supplier,recruit,opponent,wealthy,「サプライヤー」は英語で supplier と言うよ。
131,高校生後半,高校発展・B2,30,noun,B2,日英,4択,exception,例外,「例外」を表す英単語は？,exception,opponent,wealthy,interpret,「例外」は英語で exception と言うよ。
132,高校生後半,高校発展・B2,1,noun,B2,英日,4択,neglect,怠る・無視,「neglect」の意味は？,怠る・無視,制限,操作者,内部,neglect は「怠る・無視」という意味だよ。
132,高校生後半,高校発展・B2,2,noun,B2,英日,4択,pitch,投げる・売り込む,「pitch」の意味は？,投げる・売り込む,操作者,内部,繁殖,pitch は「投げる・売り込む」という意味だよ。
132,高校生後半,高校発展・B2,3,noun,B2,英日,4択,restriction,制限,「restriction」の意味は？,制限,内部,繁殖,結合した,restriction は「制限」という意味だよ。
132,高校生後半,高校発展・B2,4,noun,B2,英日,4択,operator,操作者,「operator」の意味は？,操作者,繁殖,結合した,十分な,operator は「操作者」という意味だよ。
132,高校生後半,高校発展・B2,5,noun,B2,英日,4択,interior,内部,「interior」の意味は？,内部,結合した,十分な,仲間,interior は「内部」という意味だよ。
132,高校生後半,高校発展・B2,6,noun,B2,英日,4択,breed,繁殖,「breed」の意味は？,繁殖,十分な,仲間,幼児,breed は「繁殖」という意味だよ。
132,高校生後半,高校発展・B2,7,adjective,B2,英日,4択,united,結合した,「united」の意味は？,結合した,仲間,幼児,筋書き・企て,united は「結合した」という意味だよ。
132,高校生後半,高校発展・B2,8,adjective,B2,英日,4択,adequate,十分な,「adequate」の意味は？,十分な,幼児,筋書き・企て,曲げる,adequate は「十分な」という意味だよ。
132,高校生後半,高校発展・B2,9,noun,B2,英日,4択,mate,仲間,「mate」の意味は？,仲間,筋書き・企て,曲げる,第二に,mate は「仲間」という意味だよ。
132,高校生後半,高校発展・B2,10,noun,B2,英日,4択,infant,幼児,「infant」の意味は？,幼児,曲げる,第二に,アナリスト,infant は「幼児」という意味だよ。
132,高校生後半,高校発展・B2,11,noun,B2,英日,4択,plot,筋書き・企て,「plot」の意味は？,筋書き・企て,第二に,アナリスト,正確に,plot は「筋書き・企て」という意味だよ。
132,高校生後半,高校発展・B2,12,noun,B2,英日,4択,bend,曲げる,「bend」の意味は？,曲げる,アナリスト,正確に,調整,bend は「曲げる」という意味だよ。
132,高校生後半,高校発展・B2,13,adverb,B2,英日,4択,secondly,第二に,「secondly」の意味は？,第二に,正確に,調整,ライバル,secondly は「第二に」という意味だよ。
132,高校生後半,高校発展・B2,14,noun,B2,英日,4択,analyst,アナリスト,「analyst」の意味は？,アナリスト,調整,ライバル,装備・歯車,analyst は「アナリスト」という意味だよ。
132,高校生後半,高校発展・B2,15,adverb,B2,英日,4択,precisely,正確に,「precisely」の意味は？,正確に,ライバル,装備・歯車,障害,precisely は「正確に」という意味だよ。
132,高校生後半,高校発展・B2,16,noun,B2,英日,4択,adjustment,調整,「adjustment」の意味は？,調整,装備・歯車,障害,拡大,adjustment は「調整」という意味だよ。
132,高校生後半,高校発展・B2,17,noun,B2,英日,4択,rival,ライバル,「rival」の意味は？,ライバル,障害,拡大,リスナー,rival は「ライバル」という意味だよ。
132,高校生後半,高校発展・B2,18,noun,B2,英日,4択,gear,装備・歯車,「gear」の意味は？,装備・歯車,拡大,リスナー,悪,gear は「装備・歯車」という意味だよ。
132,高校生後半,高校発展・B2,19,noun,B2,英日,4択,disorder,障害,「disorder」の意味は？,障害,リスナー,悪,相談する,disorder は「障害」という意味だよ。
132,高校生後半,高校発展・B2,20,noun,B2,英日,4択,expansion,拡大,「expansion」の意味は？,拡大,悪,相談する,封をする・アザラシ,expansion は「拡大」という意味だよ。
132,高校生後半,高校発展・B2,21,noun,B2,日英,4択,listener,リスナー,「リスナー」を表す英単語は？,listener,consult,seal,comprehensive,「リスナー」は英語で listener と言うよ。
132,高校生後半,高校発展・B2,22,adjective,B2,日英,4択,evil,悪,「悪」を表す英単語は？,evil,seal,comprehensive,spin,「悪」は英語で evil と言うよ。
132,高校生後半,高校発展・B2,23,verb,B2,日英,4択,consult,相談する,「相談する」を表す英単語は？,consult,comprehensive,spin,innovation,「相談する」は英語で consult と言うよ。
132,高校生後半,高校発展・B2,24,noun,B2,日英,4択,seal,封をする・アザラシ,「封をする・アザラシ」を表す英単語は？,seal,spin,innovation,resolution,「封をする・アザラシ」は英語で seal と言うよ。
132,高校生後半,高校発展・B2,25,adjective,B2,日英,4択,comprehensive,包括的な,「包括的な」を表す英単語は？,comprehensive,innovation,resolution,mixture,「包括的な」は英語で comprehensive と言うよ。
132,高校生後半,高校発展・B2,26,verb,B2,日英,4択,spin,スピン,「スピン」を表す英単語は？,spin,resolution,mixture,prime,「スピン」は英語で spin と言うよ。
132,高校生後半,高校発展・B2,27,noun,B2,日英,4択,innovation,革新,「革新」を表す英単語は？,innovation,mixture,prime,neglect,「革新」は英語で innovation と言うよ。
132,高校生後半,高校発展・B2,28,noun,B2,日英,4択,resolution,解決,「解決」を表す英単語は？,resolution,prime,neglect,pitch,「解決」は英語で resolution と言うよ。
132,高校生後半,高校発展・B2,29,noun,B2,日英,4択,mixture,混合,「混合」を表す英単語は？,mixture,neglect,pitch,restriction,「混合」は英語で mixture と言うよ。
132,高校生後半,高校発展・B2,30,adjective,B2,日英,4択,prime,主要な,「主要な」を表す英単語は？,prime,pitch,restriction,operator,「主要な」は英語で prime と言うよ。
133,高校生後半,高校発展・B2,1,noun,B2,英日,4択,learning,学習,「learning」の意味は？,学習,メーカー,人気,支配する,learning は「学習」という意味だよ。
133,高校生後半,高校発展・B2,2,adverb,B2,英日,4択,virtually,事実上,「virtually」の意味は？,事実上,人気,支配する,スイープ,virtually は「事実上」という意味だよ。
133,高校生後半,高校発展・B2,3,noun,B2,英日,4択,manufacturer,メーカー,「manufacturer」の意味は？,メーカー,支配する,スイープ,理解,manufacturer は「メーカー」という意味だよ。
133,高校生後半,高校発展・B2,4,noun,B2,英日,4択,popularity,人気,「popularity」の意味は？,人気,スイープ,理解,統合する,popularity は「人気」という意味だよ。
133,高校生後半,高校発展・B2,5,verb,B2,英日,4択,dominate,支配する,「dominate」の意味は？,支配する,理解,統合する,複雑,dominate は「支配する」という意味だよ。
133,高校生後半,高校発展・B2,6,verb,B2,英日,4択,sweep,スイープ,「sweep」の意味は？,スイープ,統合する,複雑,障壁,sweep は「スイープ」という意味だよ。
133,高校生後半,高校発展・B2,7,adjective,B2,英日,4択,understanding,理解,「understanding」の意味は？,理解,複雑,障壁,超える,understanding は「理解」という意味だよ。
133,高校生後半,高校発展・B2,8,verb,B2,英日,4択,integrate,統合する,「integrate」の意味は？,統合する,障壁,超える,対応する,integrate は「統合する」という意味だよ。
133,高校生後半,高校発展・B2,9,noun,B2,英日,4択,complexity,複雑,「complexity」の意味は？,複雑,超える,対応する,撤回する,complexity は「複雑」という意味だよ。
133,高校生後半,高校発展・B2,10,noun,B2,英日,4択,barrier,障壁,「barrier」の意味は？,障壁,対応する,撤回する,除外する,barrier は「障壁」という意味だよ。
133,高校生後半,高校発展・B2,11,verb,B2,英日,4択,exceed,超える,「exceed」の意味は？,超える,撤回する,除外する,使用人,exceed は「超える」という意味だよ。
133,高校生後半,高校発展・B2,12,verb,B2,英日,4択,correspond,対応する,「correspond」の意味は？,対応する,除外する,使用人,同等の人・仲間,correspond は「対応する」という意味だよ。
133,高校生後半,高校発展・B2,13,verb,B2,英日,4択,withdraw,撤回する,「withdraw」の意味は？,撤回する,使用人,同等の人・仲間,入力,withdraw は「撤回する」という意味だよ。
133,高校生後半,高校発展・B2,14,verb,B2,英日,4択,exclude,除外する,「exclude」の意味は？,除外する,同等の人・仲間,入力,粒,exclude は「除外する」という意味だよ。
133,高校生後半,高校発展・B2,15,noun,B2,英日,4択,servant,使用人,「servant」の意味は？,使用人,入力,粒,満たす,servant は「使用人」という意味だよ。
133,高校生後半,高校発展・B2,16,noun,B2,英日,4択,peer,同等の人・仲間,「peer」の意味は？,同等の人・仲間,粒,満たす,喜んで,peer は「同等の人・仲間」という意味だよ。
133,高校生後半,高校発展・B2,17,noun,B2,英日,4択,input,入力,「input」の意味は？,入力,満たす,喜んで,生物学的,input は「入力」という意味だよ。
133,高校生後半,高校発展・B2,18,noun,B2,英日,4択,grain,粒,「grain」の意味は？,粒,喜んで,生物学的,出版,grain は「粒」という意味だよ。
133,高校生後半,高校発展・B2,19,verb,B2,英日,4択,fulfill,満たす,「fulfill」の意味は？,満たす,生物学的,出版,合理的に,fulfill は「満たす」という意味だよ。
133,高校生後半,高校発展・B2,20,adjective,B2,英日,4択,willing,喜んで,「willing」の意味は？,喜んで,出版,合理的に,悪意,willing は「喜んで」という意味だよ。
133,高校生後半,高校発展・B2,21,adjective,B2,日英,4択,biological,生物学的,「生物学的」を表す英単語は？,biological,reasonably,spite,ally,「生物学的」は英語で biological と言うよ。
133,高校生後半,高校発展・B2,22,noun,B2,日英,4択,publication,出版,「出版」を表す英単語は？,publication,spite,ally,justify,「出版」は英語で publication と言うよ。
133,高校生後半,高校発展・B2,23,adverb,B2,日英,4択,reasonably,合理的に,「合理的に」を表す英単語は？,reasonably,ally,justify,ultimately,「合理的に」は英語で reasonably と言うよ。
133,高校生後半,高校発展・B2,24,noun,B2,日英,4択,spite,悪意,「悪意」を表す英単語は？,spite,justify,ultimately,secondary,「悪意」は英語で spite と言うよ。
133,高校生後半,高校発展・B2,25,noun,B2,日英,4択,ally,同盟者,「同盟者」を表す英単語は？,ally,ultimately,secondary,quit,「同盟者」は英語で ally と言うよ。
133,高校生後半,高校発展・B2,26,verb,B2,日英,4択,justify,正当化する,「正当化する」を表す英単語は？,justify,secondary,quit,relieve,「正当化する」は英語で justify と言うよ。
133,高校生後半,高校発展・B2,27,adverb,B2,日英,4択,ultimately,最終的に,「最終的に」を表す英単語は？,ultimately,quit,relieve,learning,「最終的に」は英語で ultimately と言うよ。
133,高校生後半,高校発展・B2,28,adjective,B2,日英,4択,secondary,二次的な,「二次的な」を表す英単語は？,secondary,relieve,learning,virtually,「二次的な」は英語で secondary と言うよ。
133,高校生後半,高校発展・B2,29,adjective,B2,日英,4択,quit,やめる,「やめる」を表す英単語は？,quit,learning,virtually,manufacturer,「やめる」は英語で quit と言うよ。
133,高校生後半,高校発展・B2,30,verb,B2,日英,4択,relieve,和らげる,「和らげる」を表す英単語は？,relieve,virtually,manufacturer,popularity,「和らげる」は英語で relieve と言うよ。
134,高校生後半,高校発展・B2,1,noun,B2,英日,4択,edit,編集,「edit」の意味は？,編集,参加,潜在的に,まず第一に,edit は「編集」という意味だよ。
134,高校生後半,高校発展・B2,2,adjective,B2,英日,4択,worldwide,世界中で,「worldwide」の意味は？,世界中で,潜在的に,まず第一に,指針,worldwide は「世界中で」という意味だよ。
134,高校生後半,高校発展・B2,3,noun,B2,英日,4択,participation,参加,「participation」の意味は？,参加,まず第一に,指針,一緒に,participation は「参加」という意味だよ。
134,高校生後半,高校発展・B2,4,adverb,B2,英日,4択,potentially,潜在的に,「potentially」の意味は？,潜在的に,指針,一緒に,心理学,potentially は「潜在的に」という意味だよ。
134,高校生後半,高校発展・B2,5,adverb,B2,英日,4択,firstly,まず第一に,「firstly」の意味は？,まず第一に,一緒に,心理学,抵抗,firstly は「まず第一に」という意味だよ。
134,高校生後半,高校発展・B2,6,noun,B2,英日,4択,guideline,指針,「guideline」の意味は？,指針,心理学,抵抗,木の実・ナット,guideline は「指針」という意味だよ。
134,高校生後半,高校発展・B2,7,preposition,B2,英日,4択,alongside,一緒に,「alongside」の意味は？,一緒に,抵抗,木の実・ナット,神経,alongside は「一緒に」という意味だよ。
134,高校生後半,高校発展・B2,8,noun,B2,英日,4択,psychology,心理学,「psychology」の意味は？,心理学,木の実・ナット,神経,高める,psychology は「心理学」という意味だよ。
134,高校生後半,高校発展・B2,9,noun,B2,英日,4択,resistance,抵抗,「resistance」の意味は？,抵抗,神経,高める,刺激する,resistance は「抵抗」という意味だよ。
134,高校生後半,高校発展・B2,10,noun,B2,英日,4択,nut,木の実・ナット,「nut」の意味は？,木の実・ナット,高める,刺激する,跳ぶ,nut は「木の実・ナット」という意味だよ。
134,高校生後半,高校発展・B2,11,noun,B2,英日,4択,nerve,神経,「nerve」の意味は？,神経,刺激する,跳ぶ,ホルダー,nerve は「神経」という意味だよ。
134,高校生後半,高校発展・B2,12,noun,B2,英日,4択,boost,高める,「boost」の意味は？,高める,跳ぶ,ホルダー,具体的な・コンクリート,boost は「高める」という意味だよ。
134,高校生後半,高校発展・B2,13,verb,B2,英日,4択,stimulate,刺激する,「stimulate」の意味は？,刺激する,ホルダー,具体的な・コンクリート,ジョグ,stimulate は「刺激する」という意味だよ。
134,高校生後半,高校発展・B2,14,noun,B2,英日,4択,leap,跳ぶ,「leap」の意味は？,跳ぶ,具体的な・コンクリート,ジョグ,めったに,leap は「跳ぶ」という意味だよ。
134,高校生後半,高校発展・B2,15,noun,B2,英日,4択,holder,ホルダー,「holder」の意味は？,ホルダー,ジョグ,めったに,ビタミン,holder は「ホルダー」という意味だよ。
134,高校生後半,高校発展・B2,16,adjective,B2,英日,4択,concrete,具体的な・コンクリート,「concrete」の意味は？,具体的な・コンクリート,めったに,ビタミン,感動した,concrete は「具体的な・コンクリート」という意味だよ。
134,高校生後半,高校発展・B2,17,noun,B2,英日,4択,jog,ジョグ,「jog」の意味は？,ジョグ,ビタミン,感動した,スキップ,jog は「ジョグ」という意味だよ。
134,高校生後半,高校発展・B2,18,adverb,B2,英日,4択,seldom,めったに,「seldom」の意味は？,めったに,感動した,スキップ,配布資料,seldom は「めったに」という意味だよ。
134,高校生後半,高校発展・B2,19,noun,B2,英日,4択,vitamin,ビタミン,「vitamin」の意味は？,ビタミン,スキップ,配布資料,コレクタ,vitamin は「ビタミン」という意味だよ。
134,高校生後半,高校発展・B2,20,adjective,B2,英日,4択,impressed,感動した,「impressed」の意味は？,感動した,配布資料,コレクタ,レーザ,impressed は「感動した」という意味だよ。
134,高校生後半,高校発展・B2,21,verb,B2,日英,4択,skip,スキップ,「スキップ」を表す英単語は？,skip,collector,laser,genuine,「スキップ」は英語で skip と言うよ。
134,高校生後半,高校発展・B2,22,noun,B2,日英,4択,handout,配布資料,「配布資料」を表す英単語は？,handout,laser,genuine,billion,「配布資料」は英語で handout と言うよ。
134,高校生後半,高校発展・B2,23,noun,B2,日英,4択,collector,コレクタ,「コレクタ」を表す英単語は？,collector,genuine,billion,hint,「コレクタ」は英語で collector と言うよ。
134,高校生後半,高校発展・B2,24,noun,B2,日英,4択,laser,レーザ,「レーザ」を表す英単語は？,laser,billion,hint,hook,「レーザ」は英語で laser と言うよ。
134,高校生後半,高校発展・B2,25,adjective,B2,日英,4択,genuine,本物,「本物」を表す英単語は？,genuine,hint,hook,luxury,「本物」は英語で genuine と言うよ。
134,高校生後半,高校発展・B2,26,noun,B2,日英,4択,billion,十億,「十億」を表す英単語は？,billion,hook,luxury,accordingly,「十億」は英語で billion と言うよ。
134,高校生後半,高校発展・B2,27,noun,B2,日英,4択,hint,ヒント,「ヒント」を表す英単語は？,hint,luxury,accordingly,edit,「ヒント」は英語で hint と言うよ。
134,高校生後半,高校発展・B2,28,noun,B2,日英,4択,hook,フック,「フック」を表す英単語は？,hook,accordingly,edit,worldwide,「フック」は英語で hook と言うよ。
134,高校生後半,高校発展・B2,29,adjective,B2,日英,4択,luxury,贅沢,「贅沢」を表す英単語は？,luxury,edit,worldwide,participation,「贅沢」は英語で luxury と言うよ。
134,高校生後半,高校発展・B2,30,adverb,B2,日英,4択,accordingly,それに応じて,「それに応じて」を表す英単語は？,accordingly,worldwide,participation,potentially,「それに応じて」は英語で accordingly と言うよ。
135,高校生後半,高校発展・B2,1,adverb,B2,英日,4択,actively,積極的に,「actively」の意味は？,積極的に,詳細な,消化する・要約,きちんとした,actively は「積極的に」という意味だよ。
135,高校生後半,高校発展・B2,2,verb,B2,英日,4択,chew,噛む,「chew」の意味は？,噛む,消化する・要約,きちんとした,必要性,chew は「噛む」という意味だよ。
135,高校生後半,高校発展・B2,3,adjective,B2,英日,4択,detailed,詳細な,「detailed」の意味は？,詳細な,きちんとした,必要性,装飾,detailed は「詳細な」という意味だよ。
135,高校生後半,高校発展・B2,4,noun,B2,英日,4択,digest,消化する・要約,「digest」の意味は？,消化する・要約,必要性,装飾,探検家,digest は「消化する・要約」という意味だよ。
135,高校生後半,高校発展・B2,5,adjective,B2,英日,4択,neat,きちんとした,「neat」の意味は？,きちんとした,装飾,探検家,口頭の,neat は「きちんとした」という意味だよ。
135,高校生後半,高校発展・B2,6,noun,B2,英日,4択,necessity,必要性,「necessity」の意味は？,必要性,探検家,口頭の,フィードバック,necessity は「必要性」という意味だよ。
135,高校生後半,高校発展・B2,7,noun,B2,英日,4択,decoration,装飾,「decoration」の意味は？,装飾,口頭の,フィードバック,設立する,decoration は「装飾」という意味だよ。
135,高校生後半,高校発展・B2,8,noun,B2,英日,4択,explorer,探検家,「explorer」の意味は？,探検家,フィードバック,設立する,手段,explorer は「探検家」という意味だよ。
135,高校生後半,高校発展・B2,9,adjective,B2,英日,4択,oral,口頭の,「oral」の意味は？,口頭の,設立する,手段,メロディー,oral は「口頭の」という意味だよ。
135,高校生後半,高校発展・B2,10,noun,B2,英日,4択,feedback,フィードバック,「feedback」の意味は？,フィードバック,手段,メロディー,計画,feedback は「フィードバック」という意味だよ。
135,高校生後半,高校発展・B2,11,verb,B2,英日,4択,found,設立する,「found」の意味は？,設立する,メロディー,計画,季節の,found は「設立する」という意味だよ。
135,高校生後半,高校発展・B2,12,noun,B2,英日,4択,means,手段,「means」の意味は？,手段,計画,季節の,馴染みのない,means は「手段」という意味だよ。
135,高校生後半,高校発展・B2,13,noun,B2,英日,4択,melody,メロディー,「melody」の意味は？,メロディー,季節の,馴染みのない,染料,melody は「メロディー」という意味だよ。
135,高校生後半,高校発展・B2,14,noun,B2,英日,4択,planning,計画,「planning」の意味は？,計画,馴染みのない,染料,発明家,planning は「計画」という意味だよ。
135,高校生後半,高校発展・B2,15,adjective,B2,英日,4択,seasonal,季節の,「seasonal」の意味は？,季節の,染料,発明家,タイミング,seasonal は「季節の」という意味だよ。
135,高校生後半,高校発展・B2,16,adjective,B2,英日,4択,unfamiliar,馴染みのない,「unfamiliar」の意味は？,馴染みのない,発明家,タイミング,有益,unfamiliar は「馴染みのない」という意味だよ。
135,高校生後半,高校発展・B2,17,noun,B2,英日,4択,dye,染料,「dye」の意味は？,染料,タイミング,有益,通勤,dye は「染料」という意味だよ。
135,高校生後半,高校発展・B2,18,noun,B2,英日,4択,inventor,発明家,「inventor」の意味は？,発明家,有益,通勤,影響力のある,inventor は「発明家」という意味だよ。
135,高校生後半,高校発展・B2,19,noun,B2,英日,4択,timing,タイミング,「timing」の意味は？,タイミング,通勤,影響力のある,干渉する,timing は「タイミング」という意味だよ。
135,高校生後半,高校発展・B2,20,adjective,B2,英日,4択,beneficial,有益,「beneficial」の意味は？,有益,影響力のある,干渉する,主催者,beneficial は「有益」という意味だよ。
135,高校生後半,高校発展・B2,21,verb,B2,日英,4択,commute,通勤,「通勤」を表す英単語は？,commute,interfere,organizer,walker,「通勤」は英語で commute と言うよ。
135,高校生後半,高校発展・B2,22,adjective,B2,日英,4択,influential,影響力のある,「影響力のある」を表す英単語は？,influential,organizer,walker,costume,「影響力のある」は英語で influential と言うよ。
135,高校生後半,高校発展・B2,23,verb,B2,日英,4択,interfere,干渉する,「干渉する」を表す英単語は？,interfere,walker,costume,daytime,「干渉する」は英語で interfere と言うよ。
135,高校生後半,高校発展・B2,24,noun,B2,日英,4択,organizer,主催者,「主催者」を表す英単語は？,organizer,costume,daytime,laundry,「主催者」は英語で organizer と言うよ。
135,高校生後半,高校発展・B2,25,noun,B2,日英,4択,walker,歩く人,「歩く人」を表す英単語は？,walker,daytime,laundry,manual,「歩く人」は英語で walker と言うよ。
135,高校生後半,高校発展・B2,26,noun,B2,日英,4択,costume,コスチューム,「コスチューム」を表す英単語は？,costume,laundry,manual,memorial,「コスチューム」は英語で costume と言うよ。
135,高校生後半,高校発展・B2,27,noun,B2,日英,4択,daytime,昼間,「昼間」を表す英単語は？,daytime,manual,memorial,actively,「昼間」は英語で daytime と言うよ。
135,高校生後半,高校発展・B2,28,noun,B2,日英,4択,laundry,ランドリー,「ランドリー」を表す英単語は？,laundry,memorial,actively,chew,「ランドリー」は英語で laundry と言うよ。
135,高校生後半,高校発展・B2,29,adjective,B2,日英,4択,manual,手作業の・説明書,「手作業の・説明書」を表す英単語は？,manual,actively,chew,detailed,「手作業の・説明書」は英語で manual と言うよ。
135,高校生後半,高校発展・B2,30,noun,B2,日英,4択,memorial,記念碑,「記念碑」を表す英単語は？,memorial,chew,detailed,digest,「記念碑」は英語で memorial と言うよ。
136,高校生後半,高校発展・B2,1,noun,B2,英日,4択,pine,松,「pine」の意味は？,松,配送,ソロ,札・タグ,pine は「松」という意味だよ。
136,高校生後半,高校発展・B2,2,noun,B2,英日,4択,rehearsal,リハーサル,「rehearsal」の意味は？,リハーサル,ソロ,札・タグ,部族,rehearsal は「リハーサル」という意味だよ。
136,高校生後半,高校発展・B2,3,noun,B2,英日,4択,shipping,配送,「shipping」の意味は？,配送,札・タグ,部族,下,shipping は「配送」という意味だよ。
136,高校生後半,高校発展・B2,4,adjective,B2,英日,4択,solo,ソロ,「solo」の意味は？,ソロ,部族,下,拭く,solo は「ソロ」という意味だよ。
136,高校生後半,高校発展・B2,5,noun,B2,英日,4択,tag,札・タグ,「tag」の意味は？,札・タグ,下,拭く,甲板,tag は「札・タグ」という意味だよ。
136,高校生後半,高校発展・B2,6,noun,B2,英日,4択,tribe,部族,「tribe」の意味は？,部族,拭く,甲板,飾る,tribe は「部族」という意味だよ。
136,高校生後半,高校発展・B2,7,adverb,B2,英日,4択,underneath,下,「underneath」の意味は？,下,甲板,飾る,名声,underneath は「下」という意味だよ。
136,高校生後半,高校発展・B2,8,verb,B2,英日,4択,wipe,拭く,「wipe」の意味は？,拭く,飾る,名声,ヘルパー,wipe は「拭く」という意味だよ。
136,高校生後半,高校発展・B2,9,noun,B2,英日,4択,deck,甲板,「deck」の意味は？,甲板,名声,ヘルパー,すぐに,deck は「甲板」という意味だよ。
136,高校生後半,高校発展・B2,10,verb,B2,英日,4択,decorate,飾る,「decorate」の意味は？,飾る,ヘルパー,すぐに,留め針,decorate は「飾る」という意味だよ。
136,高校生後半,高校発展・B2,11,noun,B2,英日,4択,fame,名声,「fame」の意味は？,名声,すぐに,留め針,訴える,fame は「名声」という意味だよ。
136,高校生後半,高校発展・B2,12,noun,B2,英日,4択,helper,ヘルパー,「helper」の意味は？,ヘルパー,留め針,訴える,不自然,helper は「ヘルパー」という意味だよ。
136,高校生後半,高校発展・B2,13,adverb,B2,英日,4択,instantly,すぐに,「instantly」の意味は？,すぐに,訴える,不自然,酢,instantly は「すぐに」という意味だよ。
136,高校生後半,高校発展・B2,14,noun,B2,英日,4択,pin,留め針,「pin」の意味は？,留め針,不自然,酢,芝生,pin は「留め針」という意味だよ。
136,高校生後半,高校発展・B2,15,verb,B2,英日,4択,sue,訴える,「sue」の意味は？,訴える,酢,芝生,ルームメイト,sue は「訴える」という意味だよ。
136,高校生後半,高校発展・B2,16,adjective,B2,英日,4択,unnatural,不自然,「unnatural」の意味は？,不自然,芝生,ルームメイト,スケートボード,unnatural は「不自然」という意味だよ。
136,高校生後半,高校発展・B2,17,noun,B2,英日,4択,vinegar,酢,「vinegar」の意味は？,酢,ルームメイト,スケートボード,アンティーク,vinegar は「酢」という意味だよ。
136,高校生後半,高校発展・B2,18,noun,B2,英日,4択,lawn,芝生,「lawn」の意味は？,芝生,スケートボード,アンティーク,熱心に,lawn は「芝生」という意味だよ。
136,高校生後半,高校発展・B2,19,noun,B2,英日,4択,roommate,ルームメイト,「roommate」の意味は？,ルームメイト,アンティーク,熱心に,光る,roommate は「ルームメイト」という意味だよ。
136,高校生後半,高校発展・B2,20,noun,B2,英日,4択,skateboard,スケートボード,「skateboard」の意味は？,スケートボード,熱心に,光る,指示する,skateboard は「スケートボード」という意味だよ。
136,高校生後半,高校発展・B2,21,adjective,B2,日英,4択,antique,アンティーク,「アンティーク」を表す英単語は？,antique,glow,instruct,lifetime,「アンティーク」は英語で antique と言うよ。
136,高校生後半,高校発展・B2,22,adverb,B2,日英,4択,eagerly,熱心に,「熱心に」を表す英単語は？,eagerly,instruct,lifetime,microphone,「熱心に」は英語で eagerly と言うよ。
136,高校生後半,高校発展・B2,23,noun,B2,日英,4択,glow,光る,「光る」を表す英単語は？,glow,lifetime,microphone,postpone,「光る」は英語で glow と言うよ。
136,高校生後半,高校発展・B2,24,verb,B2,日英,4択,instruct,指示する,「指示する」を表す英単語は？,instruct,microphone,postpone,reluctant,「指示する」は英語で instruct と言うよ。
136,高校生後半,高校発展・B2,25,noun,B2,日英,4択,lifetime,一生,「一生」を表す英単語は？,lifetime,postpone,reluctant,rocky,「一生」は英語で lifetime と言うよ。
136,高校生後半,高校発展・B2,26,noun,B2,日英,4択,microphone,マイクロフォン,「マイクロフォン」を表す英単語は？,microphone,reluctant,rocky,seminar,「マイクロフォン」は英語で microphone と言うよ。
136,高校生後半,高校発展・B2,27,verb,B2,日英,4択,postpone,延期,「延期」を表す英単語は？,postpone,rocky,seminar,pine,「延期」は英語で postpone と言うよ。
136,高校生後半,高校発展・B2,28,adjective,B2,日英,4択,reluctant,気が進まない,「気が進まない」を表す英単語は？,reluctant,seminar,pine,rehearsal,「気が進まない」は英語で reluctant と言うよ。
136,高校生後半,高校発展・B2,29,adjective,B2,日英,4択,rocky,岩だらけ,「岩だらけ」を表す英単語は？,rocky,pine,rehearsal,shipping,「岩だらけ」は英語で rocky と言うよ。
136,高校生後半,高校発展・B2,30,noun,B2,日英,4択,seminar,セミナー,「セミナー」を表す英単語は？,seminar,rehearsal,shipping,solo,「セミナー」は英語で seminar と言うよ。
137,高校生後半,高校発展・B2,1,adjective,B2,英日,4択,underground,地下,「underground」の意味は？,地下,さりげなく,チェリー,協力的な,underground は「地下」という意味だよ。
137,高校生後半,高校発展・B2,2,noun,B2,英日,4択,yacht,ヨット,「yacht」の意味は？,ヨット,チェリー,協力的な,望ましい,yacht は「ヨット」という意味だよ。
137,高校生後半,高校発展・B2,3,adverb,B2,英日,4択,casually,さりげなく,「casually」の意味は？,さりげなく,協力的な,望ましい,疑わしい,casually は「さりげなく」という意味だよ。
137,高校生後半,高校発展・B2,4,noun,B2,英日,4択,cherry,チェリー,「cherry」の意味は？,チェリー,望ましい,疑わしい,エレガント,cherry は「チェリー」という意味だよ。
137,高校生後半,高校発展・B2,5,adjective,B2,英日,4択,cooperative,協力的な,「cooperative」の意味は？,協力的な,疑わしい,エレガント,過度,cooperative は「協力的な」という意味だよ。
137,高校生後半,高校発展・B2,6,adjective,B2,英日,4択,desirable,望ましい,「desirable」の意味は？,望ましい,エレガント,過度,伝説,desirable は「望ましい」という意味だよ。
137,高校生後半,高校発展・B2,7,adjective,B2,英日,4択,doubtful,疑わしい,「doubtful」の意味は？,疑わしい,過度,伝説,住居,doubtful は「疑わしい」という意味だよ。
137,高校生後半,高校発展・B2,8,adjective,B2,英日,4択,elegant,エレガント,「elegant」の意味は？,エレガント,伝説,住居,危険な,elegant は「エレガント」という意味だよ。
137,高校生後半,高校発展・B2,9,adjective,B2,英日,4択,excessive,過度,「excessive」の意味は？,過度,住居,危険な,満足できる,excessive は「過度」という意味だよ。
137,高校生後半,高校発展・B2,10,noun,B2,英日,4択,legend,伝説,「legend」の意味は？,伝説,危険な,満足できる,鋭く,legend は「伝説」という意味だよ。
137,高校生後半,高校発展・B2,11,noun,B2,英日,4択,residence,住居,「residence」の意味は？,住居,満足できる,鋭く,熟練した,residence は「住居」という意味だよ。
137,高校生後半,高校発展・B2,12,adjective,B2,英日,4択,risky,危険な,「risky」の意味は？,危険な,鋭く,熟練した,スプレー,risky は「危険な」という意味だよ。
137,高校生後半,高校発展・B2,13,adjective,B2,英日,4択,satisfactory,満足できる,「satisfactory」の意味は？,満足できる,熟練した,スプレー,微妙,satisfactory は「満足できる」という意味だよ。
137,高校生後半,高校発展・B2,14,adverb,B2,英日,4択,sharply,鋭く,「sharply」の意味は？,鋭く,スプレー,微妙,珍しい,sharply は「鋭く」という意味だよ。
137,高校生後半,高校発展・B2,15,adjective,B2,英日,4択,skillful,熟練した,「skillful」の意味は？,熟練した,微妙,珍しい,寮,skillful は「熟練した」という意味だよ。
137,高校生後半,高校発展・B2,16,noun,B2,英日,4択,spray,スプレー,「spray」の意味は？,スプレー,珍しい,寮,ジャーナリズム,spray は「スプレー」という意味だよ。
137,高校生後半,高校発展・B2,17,adjective,B2,英日,4択,subtle,微妙,「subtle」の意味は？,微妙,寮,ジャーナリズム,大豆,subtle は「微妙」という意味だよ。
137,高校生後半,高校発展・B2,18,adjective,B2,英日,4択,uncommon,珍しい,「uncommon」の意味は？,珍しい,ジャーナリズム,大豆,刺激,uncommon は「珍しい」という意味だよ。
137,高校生後半,高校発展・B2,19,noun,B2,英日,4択,dorm,寮,「dorm」の意味は？,寮,大豆,刺激,トランク,dorm は「寮」という意味だよ。
137,高校生後半,高校発展・B2,20,noun,B2,英日,4択,journalism,ジャーナリズム,「journalism」の意味は？,ジャーナリズム,刺激,トランク,サイクリスト,journalism は「ジャーナリズム」という意味だよ。
137,高校生後半,高校発展・B2,21,noun,B2,日英,4択,soybean,大豆,「大豆」を表す英単語は？,soybean,trunk,cyclist,distract,「大豆」は英語で soybean と言うよ。
137,高校生後半,高校発展・B2,22,noun,B2,日英,4択,stimulation,刺激,「刺激」を表す英単語は？,stimulation,cyclist,distract,donate,「刺激」は英語で stimulation と言うよ。
137,高校生後半,高校発展・B2,23,noun,B2,日英,4択,trunk,トランク,「トランク」を表す英単語は？,trunk,distract,donate,enrol,「トランク」は英語で trunk と言うよ。
137,高校生後半,高校発展・B2,24,noun,B2,日英,4択,cyclist,サイクリスト,「サイクリスト」を表す英単語は？,cyclist,donate,enrol,explode,「サイクリスト」は英語で cyclist と言うよ。
137,高校生後半,高校発展・B2,25,verb,B2,日英,4択,distract,気を散らす,「気を散らす」を表す英単語は？,distract,enrol,explode,fiber,「気を散らす」は英語で distract と言うよ。
137,高校生後半,高校発展・B2,26,verb,B2,日英,4択,donate,寄付する,「寄付する」を表す英単語は？,donate,explode,fiber,flexibility,「寄付する」は英語で donate と言うよ。
137,高校生後半,高校発展・B2,27,verb,B2,日英,4択,enrol,登録する,「登録する」を表す英単語は？,enrol,fiber,flexibility,underground,「登録する」は英語で enrol と言うよ。
137,高校生後半,高校発展・B2,28,verb,B2,日英,4択,explode,爆発する,「爆発する」を表す英単語は？,explode,flexibility,underground,yacht,「爆発する」は英語で explode と言うよ。
137,高校生後半,高校発展・B2,29,noun,B2,日英,4択,fiber,繊維,「繊維」を表す英単語は？,fiber,underground,yacht,casually,「繊維」は英語で fiber と言うよ。
137,高校生後半,高校発展・B2,30,noun,B2,日英,4択,flexibility,柔軟性,「柔軟性」を表す英単語は？,flexibility,yacht,casually,cherry,「柔軟性」は英語で flexibility と言うよ。
138,高校生後半,大学入試・B2,1,adjective,B2,英日,4択,gradual,徐々の,「gradual」の意味は？,徐々の,交差点,数学の,歩行者,gradual は「徐々の」という意味だよ。
138,高校生後半,大学入試・B2,2,noun,B2,英日,4択,insult,侮辱,「insult」の意味は？,侮辱,数学の,歩行者,リレー,insult は「侮辱」という意味だよ。
138,高校生後半,大学入試・B2,3,noun,B2,英日,4択,intersection,交差点,「intersection」の意味は？,交差点,歩行者,リレー,ライダー,intersection は「交差点」という意味だよ。
138,高校生後半,大学入試・B2,4,adjective,B2,英日,4択,mathematical,数学の,「mathematical」の意味は？,数学の,リレー,ライダー,こする,mathematical は「数学の」という意味だよ。
138,高校生後半,大学入試・B2,5,noun,B2,英日,4択,pedestrian,歩行者,「pedestrian」の意味は？,歩行者,ライダー,こする,賢明な,pedestrian は「歩行者」という意味だよ。
138,高校生後半,大学入試・B2,6,noun,B2,英日,4択,relay,リレー,「relay」の意味は？,リレー,こする,賢明な,意識不明,relay は「リレー」という意味だよ。
138,高校生後半,大学入試・B2,7,noun,B2,英日,4択,rider,ライダー,「rider」の意味は？,ライダー,賢明な,意識不明,アップグレード,rider は「ライダー」という意味だよ。
138,高校生後半,大学入試・B2,8,verb,B2,英日,4択,rub,こする,「rub」の意味は？,こする,意識不明,アップグレード,多様,rub は「こする」という意味だよ。
138,高校生後半,大学入試・B2,9,adjective,B2,英日,4択,sensible,賢明な,「sensible」の意味は？,賢明な,アップグレード,多様,美徳,sensible は「賢明な」という意味だよ。
138,高校生後半,大学入試・B2,10,adjective,B2,英日,4択,unconscious,意識不明,「unconscious」の意味は？,意識不明,多様,美徳,ワーム,unconscious は「意識不明」という意味だよ。
138,高校生後半,大学入試・B2,11,noun,B2,英日,4択,upgrade,アップグレード,「upgrade」の意味は？,アップグレード,美徳,ワーム,楽しませる,upgrade は「アップグレード」という意味だよ。
138,高校生後半,大学入試・B2,12,adjective,B2,英日,4択,varied,多様,「varied」の意味は？,多様,ワーム,楽しませる,集会・組み立て,varied は「多様」という意味だよ。
138,高校生後半,大学入試・B2,13,noun,B2,英日,4択,virtue,美徳,「virtue」の意味は？,美徳,楽しませる,集会・組み立て,利用可能性,virtue は「美徳」という意味だよ。
138,高校生後半,大学入試・B2,14,noun,B2,英日,4択,worm,ワーム,「worm」の意味は？,ワーム,集会・組み立て,利用可能性,バランスの取れた,worm は「ワーム」という意味だよ。
138,高校生後半,大学入試・B2,15,verb,B2,英日,4択,amuse,楽しませる,「amuse」の意味は？,楽しませる,利用可能性,バランスの取れた,花,amuse は「楽しませる」という意味だよ。
138,高校生後半,大学入試・B2,16,noun,B2,英日,4択,assembly,集会・組み立て,「assembly」の意味は？,集会・組み立て,バランスの取れた,花,ブース,assembly は「集会・組み立て」という意味だよ。
138,高校生後半,大学入試・B2,17,noun,B2,英日,4択,availability,利用可能性,「availability」の意味は？,利用可能性,花,ブース,子供っぽい,availability は「利用可能性」という意味だよ。
138,高校生後半,大学入試・B2,18,adjective,B2,英日,4択,balanced,バランスの取れた,「balanced」の意味は？,バランスの取れた,ブース,子供っぽい,確信している,balanced は「バランスの取れた」という意味だよ。
138,高校生後半,大学入試・B2,19,noun,B2,英日,4択,blossom,花,「blossom」の意味は？,花,子供っぽい,確信している,協力する,blossom は「花」という意味だよ。
138,高校生後半,大学入試・B2,20,noun,B2,英日,4択,booth,ブース,「booth」の意味は？,ブース,確信している,協力する,ダーリン,booth は「ブース」という意味だよ。
138,高校生後半,大学入試・B2,21,adjective,B2,日英,4択,childish,子供っぽい,「子供っぽい」を表す英単語は？,childish,cooperate,darling,determined,「子供っぽい」は英語で childish と言うよ。
138,高校生後半,大学入試・B2,22,adjective,B2,日英,4択,convinced,確信している,「確信している」を表す英単語は？,convinced,darling,determined,dormitory,「確信している」は英語で convinced と言うよ。
138,高校生後半,大学入試・B2,23,verb,B2,日英,4択,cooperate,協力する,「協力する」を表す英単語は？,cooperate,determined,dormitory,download,「協力する」は英語で cooperate と言うよ。
138,高校生後半,大学入試・B2,24,adjective,B2,日英,4択,darling,ダーリン,「ダーリン」を表す英単語は？,darling,dormitory,download,economical,「ダーリン」は英語で darling と言うよ。
138,高校生後半,大学入試・B2,25,adjective,B2,日英,4択,determined,決意した,「決意した」を表す英単語は？,determined,download,economical,fascinated,「決意した」は英語で determined と言うよ。
138,高校生後半,大学入試・B2,26,noun,B2,日英,4択,dormitory,寮,「寮」を表す英単語は？,dormitory,economical,fascinated,genius,「寮」は英語で dormitory と言うよ。
138,高校生後半,大学入試・B2,27,noun,B2,日英,4択,download,ダウンロード,「ダウンロード」を表す英単語は？,download,fascinated,genius,gradual,「ダウンロード」は英語で download と言うよ。
138,高校生後半,大学入試・B2,28,adjective,B2,日英,4択,economical,経済的,「経済的」を表す英単語は？,economical,genius,gradual,insult,「経済的」は英語で economical と言うよ。
138,高校生後半,大学入試・B2,29,adjective,B2,日英,4択,fascinated,魅了された,「魅了された」を表す英単語は？,fascinated,gradual,insult,intersection,「魅了された」は英語で fascinated と言うよ。
138,高校生後半,大学入試・B2,30,noun,B2,日英,4択,genius,天才,「天才」を表す英単語は？,genius,insult,intersection,mathematical,「天才」は英語で genius と言うよ。
139,高校生後半,大学入試・B2,1,noun,B2,英日,4択,hesitation,ためらい,「hesitation」の意味は？,ためらい,推測する,ロビー,製造,hesitation は「ためらい」という意味だよ。
139,高校生後半,大学入試・B2,2,noun,B2,英日,4択,housewife,主婦,「housewife」の意味は？,主婦,ロビー,製造,マーケティング,housewife は「主婦」という意味だよ。
139,高校生後半,大学入試・B2,3,verb,B2,英日,4択,infer,推測する,「infer」の意味は？,推測する,製造,マーケティング,誤解する,infer は「推測する」という意味だよ。
139,高校生後半,大学入試・B2,4,noun,B2,英日,4択,lobby,ロビー,「lobby」の意味は？,ロビー,マーケティング,誤解する,控えめ,lobby は「ロビー」という意味だよ。
139,高校生後半,大学入試・B2,5,noun,B2,英日,4択,manufacturing,製造,「manufacturing」の意味は？,製造,誤解する,控えめ,ナビゲーション,manufacturing は「製造」という意味だよ。
139,高校生後半,大学入試・B2,6,noun,B2,英日,4択,marketing,マーケティング,「marketing」の意味は？,マーケティング,控えめ,ナビゲーション,否定的に,marketing は「マーケティング」という意味だよ。
139,高校生後半,大学入試・B2,7,verb,B2,英日,4択,misunderstand,誤解する,「misunderstand」の意味は？,誤解する,ナビゲーション,否定的に,任意の,misunderstand は「誤解する」という意味だよ。
139,高校生後半,大学入試・B2,8,adjective,B2,英日,4択,modest,控えめ,「modest」の意味は？,控えめ,否定的に,任意の,アウトサイダー,modest は「控えめ」という意味だよ。
139,高校生後半,大学入試・B2,9,noun,B2,英日,4択,navigation,ナビゲーション,「navigation」の意味は？,ナビゲーション,任意の,アウトサイダー,磨く,navigation は「ナビゲーション」という意味だよ。
139,高校生後半,大学入試・B2,10,adverb,B2,英日,4択,negatively,否定的に,「negatively」の意味は？,否定的に,アウトサイダー,磨く,プレゼンター,negatively は「否定的に」という意味だよ。
139,高校生後半,大学入試・B2,11,adjective,B2,英日,4択,optional,任意の,「optional」の意味は？,任意の,磨く,プレゼンター,可能性が高い,optional は「任意の」という意味だよ。
139,高校生後半,大学入試・B2,12,noun,B2,英日,4択,outsider,アウトサイダー,「outsider」の意味は？,アウトサイダー,プレゼンター,可能性が高い,禁止する,outsider は「アウトサイダー」という意味だよ。
139,高校生後半,大学入試・B2,13,noun,B2,英日,4択,polish,磨く,「polish」の意味は？,磨く,可能性が高い,禁止する,リラクゼーション,polish は「磨く」という意味だよ。
139,高校生後半,大学入試・B2,14,noun,B2,英日,4択,presenter,プレゼンター,「presenter」の意味は？,プレゼンター,禁止する,リラクゼーション,レンタル,presenter は「プレゼンター」という意味だよ。
139,高校生後半,大学入試・B2,15,adjective,B2,英日,4択,probable,可能性が高い,「probable」の意味は？,可能性が高い,リラクゼーション,レンタル,交換,probable は「可能性が高い」という意味だよ。
139,高校生後半,大学入試・B2,16,verb,B2,英日,4択,prohibit,禁止する,「prohibit」の意味は？,禁止する,レンタル,交換,焼く,prohibit は「禁止する」という意味だよ。
139,高校生後半,大学入試・B2,17,noun,B2,英日,4択,relaxation,リラクゼーション,「relaxation」の意味は？,リラクゼーション,交換,焼く,浸す,relaxation は「リラクゼーション」という意味だよ。
139,高校生後半,大学入試・B2,18,noun,B2,英日,4択,rental,レンタル,「rental」の意味は？,レンタル,焼く,浸す,字幕,rental は「レンタル」という意味だよ。
139,高校生後半,大学入試・B2,19,noun,B2,英日,4択,replacement,交換,「replacement」の意味は？,交換,浸す,字幕,三角形,replacement は「交換」という意味だよ。
139,高校生後半,大学入試・B2,20,adjective,B2,英日,4択,roast,焼く,「roast」の意味は？,焼く,字幕,三角形,厄介な,roast は「焼く」という意味だよ。
139,高校生後半,大学入試・B2,21,noun,B2,日英,4択,soak,浸す,「浸す」を表す英単語は？,soak,triangle,troublesome,unwilling,「浸す」は英語で soak と言うよ。
139,高校生後半,大学入試・B2,22,noun,B2,日英,4択,subtitle,字幕,「字幕」を表す英単語は？,subtitle,troublesome,unwilling,valid,「字幕」は英語で subtitle と言うよ。
139,高校生後半,大学入試・B2,23,noun,B2,日英,4択,triangle,三角形,「三角形」を表す英単語は？,triangle,unwilling,valid,vanish,「三角形」は英語で triangle と言うよ。
139,高校生後半,大学入試・B2,24,adjective,B2,日英,4択,troublesome,厄介な,「厄介な」を表す英単語は？,troublesome,valid,vanish,vibration,「厄介な」は英語で troublesome と言うよ。
139,高校生後半,大学入試・B2,25,adjective,B2,日英,4択,unwilling,気が進まない,「気が進まない」を表す英単語は？,unwilling,vanish,vibration,weaken,「気が進まない」は英語で unwilling と言うよ。
139,高校生後半,大学入試・B2,26,adjective,B2,日英,4択,valid,有効,「有効」を表す英単語は？,valid,vibration,weaken,widen,「有効」は英語で valid と言うよ。
139,高校生後半,大学入試・B2,27,verb,B2,日英,4択,vanish,消える,「消える」を表す英単語は？,vanish,weaken,widen,hesitation,「消える」は英語で vanish と言うよ。
139,高校生後半,大学入試・B2,28,noun,B2,日英,4択,vibration,振動,「振動」を表す英単語は？,vibration,widen,hesitation,housewife,「振動」は英語で vibration と言うよ。
139,高校生後半,大学入試・B2,29,verb,B2,日英,4択,weaken,弱める,「弱める」を表す英単語は？,weaken,hesitation,housewife,infer,「弱める」は英語で weaken と言うよ。
139,高校生後半,大学入試・B2,30,verb,B2,日英,4択,widen,広げる,「広げる」を表す英単語は？,widen,housewife,infer,lobby,「広げる」は英語で widen と言うよ。
140,高校生後半,大学入試・B2,1,adverb,B2,英日,4択,additionally,さらに,「additionally」の意味は？,さらに,魅力,シーリング,クライアント,additionally は「さらに」という意味だよ。
140,高校生後半,大学入試・B2,2,noun,B2,英日,4択,arena,アリーナ,「arena」の意味は？,アリーナ,シーリング,クライアント,海岸線,arena は「アリーナ」という意味だよ。
140,高校生後半,大学入試・B2,3,noun,B2,英日,4択,attractiveness,魅力,「attractiveness」の意味は？,魅力,クライアント,海岸線,偶然,attractiveness は「魅力」という意味だよ。
140,高校生後半,大学入試・B2,4,noun,B2,英日,4択,ceiling,シーリング,「ceiling」の意味は？,シーリング,海岸線,偶然,導体,ceiling は「シーリング」という意味だよ。
140,高校生後半,大学入試・B2,5,noun,B2,英日,4択,client,クライアント,「client」の意味は？,クライアント,偶然,導体,ドレイン,client は「クライアント」という意味だよ。
140,高校生後半,大学入試・B2,6,noun,B2,英日,4択,coastline,海岸線,「coastline」の意味は？,海岸線,導体,ドレイン,エリート,coastline は「海岸線」という意味だよ。
140,高校生後半,大学入試・B2,7,noun,B2,英日,4択,coincidence,偶然,「coincidence」の意味は？,偶然,ドレイン,エリート,架空の,coincidence は「偶然」という意味だよ。
140,高校生後半,大学入試・B2,8,noun,B2,英日,4択,conductor,導体,「conductor」の意味は？,導体,エリート,架空の,フード,conductor は「導体」という意味だよ。
140,高校生後半,大学入試・B2,9,noun,B2,英日,4択,drain,ドレイン,「drain」の意味は？,ドレイン,架空の,フード,改善,drain は「ドレイン」という意味だよ。
140,高校生後半,大学入試・B2,10,noun,B2,英日,4択,elite,エリート,「elite」の意味は？,エリート,フード,改善,キーパー,elite は「エリート」という意味だよ。
140,高校生後半,大学入試・B2,11,adjective,B2,英日,4択,fictional,架空の,「fictional」の意味は？,架空の,改善,キーパー,知られている,fictional は「架空の」という意味だよ。
140,高校生後半,大学入試・B2,12,noun,B2,英日,4択,hood,フード,「hood」の意味は？,フード,キーパー,知られている,孤独,hood は「フード」という意味だよ。
140,高校生後半,大学入試・B2,13,adjective,B2,英日,4択,improved,改善,「improved」の意味は？,改善,知られている,孤独,起源する,improved は「改善」という意味だよ。
140,高校生後半,大学入試・B2,14,noun,B2,英日,4択,keeper,キーパー,「keeper」の意味は？,キーパー,孤独,起源する,パンチ,keeper は「キーパー」という意味だよ。
140,高校生後半,大学入試・B2,15,adjective,B2,英日,4択,known,知られている,「known」の意味は？,知られている,起源する,パンチ,困惑した,known は「知られている」という意味だよ。
140,高校生後半,大学入試・B2,16,noun,B2,英日,4択,loneliness,孤独,「loneliness」の意味は？,孤独,パンチ,困惑した,リマインダー,loneliness は「孤独」という意味だよ。
140,高校生後半,大学入試・B2,17,verb,B2,英日,4択,originate,起源する,「originate」の意味は？,起源する,困惑した,リマインダー,スキューバ,originate は「起源する」という意味だよ。
140,高校生後半,大学入試・B2,18,noun,B2,英日,4択,punch,パンチ,「punch」の意味は？,パンチ,リマインダー,スキューバ,望遠鏡,punch は「パンチ」という意味だよ。
140,高校生後半,大学入試・B2,19,adjective,B2,英日,4択,puzzled,困惑した,「puzzled」の意味は？,困惑した,スキューバ,望遠鏡,思想家,puzzled は「困惑した」という意味だよ。
140,高校生後半,大学入試・B2,20,noun,B2,英日,4択,reminder,リマインダー,「reminder」の意味は？,リマインダー,望遠鏡,思想家,翻訳者,reminder は「リマインダー」という意味だよ。
140,高校生後半,大学入試・B2,21,noun,B2,日英,4択,scuba,スキューバ,「スキューバ」を表す英単語は？,scuba,thinker,translator,tuition,「スキューバ」は英語で scuba と言うよ。
140,高校生後半,大学入試・B2,22,noun,B2,日英,4択,telescope,望遠鏡,「望遠鏡」を表す英単語は？,telescope,translator,tuition,utilize,「望遠鏡」は英語で telescope と言うよ。
140,高校生後半,大学入試・B2,23,noun,B2,日英,4択,thinker,思想家,「思想家」を表す英単語は？,thinker,tuition,utilize,verbal,「思想家」は英語で thinker と言うよ。
140,高校生後半,大学入試・B2,24,noun,B2,日英,4択,translator,翻訳者,「翻訳者」を表す英単語は？,translator,utilize,verbal,wheat,「翻訳者」は英語で translator と言うよ。
140,高校生後半,大学入試・B2,25,noun,B2,日英,4択,tuition,学費,「学費」を表す英単語は？,tuition,verbal,wheat,width,「学費」は英語で tuition と言うよ。
140,高校生後半,大学入試・B2,26,verb,B2,日英,4択,utilize,利用する,「利用する」を表す英単語は？,utilize,wheat,width,affordable,「利用する」は英語で utilize と言うよ。
140,高校生後半,大学入試・B2,27,adjective,B2,日英,4択,verbal,言葉の・口頭の,「言葉の・口頭の」を表す英単語は？,verbal,width,affordable,additionally,「言葉の・口頭の」は英語で verbal と言うよ。
140,高校生後半,大学入試・B2,28,noun,B2,日英,4択,wheat,小麦,「小麦」を表す英単語は？,wheat,affordable,additionally,arena,「小麦」は英語で wheat と言うよ。
140,高校生後半,大学入試・B2,29,noun,B2,日英,4択,width,幅,「幅」を表す英単語は？,width,additionally,arena,attractiveness,「幅」は英語で width と言うよ。
140,高校生後半,大学入試・B2,30,adjective,B2,日英,4択,affordable,手頃な,「手頃な」を表す英単語は？,affordable,arena,attractiveness,ceiling,「手頃な」は英語で affordable と言うよ。
141,高校生後半,大学入試・B2,1,adverb,B2,英日,4択,appropriately,適切に,「appropriately」の意味は？,適切に,杖,やめる,円錐,appropriately は「適切に」という意味だよ。
141,高校生後半,大学入試・B2,2,noun,B2,英日,4択,blast,爆発,「blast」の意味は？,爆発,やめる,円錐,告白する,blast は「爆発」という意味だよ。
141,高校生後半,大学入試・B2,3,noun,B2,英日,4択,cane,杖,「cane」の意味は？,杖,円錐,告白する,意識,cane は「杖」という意味だよ。
141,高校生後半,大学入試・B2,4,verb,B2,英日,4択,cease,やめる,「cease」の意味は？,やめる,告白する,意識,かなり,cease は「やめる」という意味だよ。
141,高校生後半,大学入試・B2,5,noun,B2,英日,4択,cone,円錐,「cone」の意味は？,円錐,意識,かなり,サンゴ,cone は「円錐」という意味だよ。
141,高校生後半,大学入試・B2,6,verb,B2,英日,4択,confess,告白する,「confess」の意味は？,告白する,かなり,サンゴ,高価,confess は「告白する」という意味だよ。
141,高校生後半,大学入試・B2,7,noun,B2,英日,4択,consciousness,意識,「consciousness」の意味は？,意識,サンゴ,高価,はう,consciousness は「意識」という意味だよ。
141,高校生後半,大学入試・B2,8,adverb,B2,英日,4択,considerably,かなり,「considerably」の意味は？,かなり,高価,はう,ダッシュ,considerably は「かなり」という意味だよ。
141,高校生後半,大学入試・B2,9,noun,B2,英日,4択,coral,サンゴ,「coral」の意味は？,サンゴ,はう,ダッシュ,欺く,coral は「サンゴ」という意味だよ。
141,高校生後半,大学入試・B2,10,adjective,B2,英日,4択,costly,高価,「costly」の意味は？,高価,ダッシュ,欺く,動的,costly は「高価」という意味だよ。
141,高校生後半,大学入試・B2,11,verb,B2,英日,4択,crawl,はう,「crawl」の意味は？,はう,欺く,動的,面白い,crawl は「はう」という意味だよ。
141,高校生後半,大学入試・B2,12,noun,B2,英日,4択,dash,ダッシュ,「dash」の意味は？,ダッシュ,動的,面白い,環境に,dash は「ダッシュ」という意味だよ。
141,高校生後半,大学入試・B2,13,verb,B2,英日,4択,deceive,欺く,「deceive」の意味は？,欺く,面白い,環境に,ファインティング,deceive は「欺く」という意味だよ。
141,高校生後半,大学入試・B2,14,adjective,B2,英日,4択,dynamic,動的,「dynamic」の意味は？,動的,環境に,ファインティング,フォロワー,dynamic は「動的」という意味だよ。
141,高校生後半,大学入試・B2,15,adjective,B2,英日,4択,entertaining,面白い,「entertaining」の意味は？,面白い,ファインティング,フォロワー,総計の・ひどい,entertaining は「面白い」という意味だよ。
141,高校生後半,大学入試・B2,16,adverb,B2,英日,4択,environmentally,環境に,「environmentally」の意味は？,環境に,フォロワー,総計の・ひどい,無害,environmentally は「環境に」という意味だよ。
141,高校生後半,大学入試・B2,17,noun,B2,英日,4択,fighting,ファインティング,「fighting」の意味は？,ファインティング,総計の・ひどい,無害,中空,fighting は「ファインティング」という意味だよ。
141,高校生後半,大学入試・B2,18,noun,B2,英日,4択,follower,フォロワー,「follower」の意味は？,フォロワー,無害,中空,狩猟,follower は「フォロワー」という意味だよ。
141,高校生後半,大学入試・B2,19,adjective,B2,英日,4択,gross,総計の・ひどい,「gross」の意味は？,総計の・ひどい,中空,狩猟,同一,gross は「総計の・ひどい」という意味だよ。
141,高校生後半,大学入試・B2,20,adjective,B2,英日,4択,harmless,無害,「harmless」の意味は？,無害,狩猟,同一,失礼な,harmless は「無害」という意味だよ。
141,高校生後半,大学入試・B2,21,adjective,B2,日英,4択,hollow,中空,「中空」を表す英単語は？,hollow,identical,impolite,innovative,「中空」は英語で hollow と言うよ。
141,高校生後半,大学入試・B2,22,noun,B2,日英,4択,hunting,狩猟,「狩猟」を表す英単語は？,hunting,impolite,innovative,irritated,「狩猟」は英語で hunting と言うよ。
141,高校生後半,大学入試・B2,23,adjective,B2,日英,4択,identical,同一,「同一」を表す英単語は？,identical,innovative,irritated,jaw,「同一」は英語で identical と言うよ。
141,高校生後半,大学入試・B2,24,adjective,B2,日英,4択,impolite,失礼な,「失礼な」を表す英単語は？,impolite,irritated,jaw,lap,「失礼な」は英語で impolite と言うよ。
141,高校生後半,大学入試・B2,25,adjective,B2,日英,4択,innovative,革新的,「革新的」を表す英単語は？,innovative,jaw,lap,lastly,「革新的」は英語で innovative と言うよ。
141,高校生後半,大学入試・B2,26,adjective,B2,日英,4択,irritated,イライラした,「イライラした」を表す英単語は？,irritated,lap,lastly,lower,「イライラした」は英語で irritated と言うよ。
141,高校生後半,大学入試・B2,27,noun,B2,日英,4択,jaw,顎,「顎」を表す英単語は？,jaw,lastly,lower,appropriately,「顎」は英語で jaw と言うよ。
141,高校生後半,大学入試・B2,28,noun,B2,日英,4択,lap,ひざ・一周,「ひざ・一周」を表す英単語は？,lap,lower,appropriately,blast,「ひざ・一周」は英語で lap と言うよ。
141,高校生後半,大学入試・B2,29,adverb,B2,日英,4択,lastly,最後に,「最後に」を表す英単語は？,lastly,appropriately,blast,cane,「最後に」は英語で lastly と言うよ。
141,高校生後半,大学入試・B2,30,verb,B2,日英,4択,lower,より低い,「より低い」を表す英単語は？,lower,blast,cane,cease,「より低い」は英語で lower と言うよ。
142,高校生後半,大学入試・B2,1,noun,B2,英日,4択,mask,マスク,「mask」の意味は？,マスク,電子レンジ,ミニチュア,全国,mask は「マスク」という意味だよ。
142,高校生後半,大学入試・B2,2,noun,B2,英日,4択,messenger,メッセンジャー,「messenger」の意味は？,メッセンジャー,ミニチュア,全国,侮辱する,messenger は「メッセンジャー」という意味だよ。
142,高校生後半,大学入試・B2,3,noun,B2,英日,4択,microwave,電子レンジ,「microwave」の意味は？,電子レンジ,全国,侮辱する,残業,microwave は「電子レンジ」という意味だよ。
142,高校生後半,大学入試・B2,4,adjective,B2,英日,4択,miniature,ミニチュア,「miniature」の意味は？,ミニチュア,侮辱する,残業,パッド,miniature は「ミニチュア」という意味だよ。
142,高校生後半,大学入試・B2,5,adjective,B2,英日,4択,nationwide,全国,「nationwide」の意味は？,全国,残業,パッド,辛抱強く,nationwide は「全国」という意味だよ。
142,高校生後半,大学入試・B2,6,verb,B2,英日,4択,offend,侮辱する,「offend」の意味は？,侮辱する,パッド,辛抱強く,パール,offend は「侮辱する」という意味だよ。
142,高校生後半,大学入試・B2,7,adverb,B2,英日,4択,overtime,残業,「overtime」の意味は？,残業,辛抱強く,パール,ピクルス,overtime は「残業」という意味だよ。
142,高校生後半,大学入試・B2,8,noun,B2,英日,4択,pad,パッド,「pad」の意味は？,パッド,パール,ピクルス,実質的に,pad は「パッド」という意味だよ。
142,高校生後半,大学入試・B2,9,adverb,B2,英日,4択,patiently,辛抱強く,「patiently」の意味は？,辛抱強く,ピクルス,実質的に,名声,patiently は「辛抱強く」という意味だよ。
142,高校生後半,大学入試・B2,10,noun,B2,英日,4択,pearl,パール,「pearl」の意味は？,パール,実質的に,名声,パンプキン,pearl は「パール」という意味だよ。
142,高校生後半,大学入試・B2,11,noun,B2,英日,4択,pickle,ピクルス,「pickle」の意味は？,ピクルス,名声,パンプキン,豪雨,pickle は「ピクルス」という意味だよ。
142,高校生後半,大学入試・B2,12,adverb,B2,英日,4択,practically,実質的に,「practically」の意味は？,実質的に,パンプキン,豪雨,すぐに,practically は「実質的に」という意味だよ。
142,高校生後半,大学入試・B2,13,noun,B2,英日,4択,prestige,名声,「prestige」の意味は？,名声,豪雨,すぐに,元気を回復させる,prestige は「名声」という意味だよ。
142,高校生後半,大学入試・B2,14,noun,B2,英日,4択,pumpkin,パンプキン,「pumpkin」の意味は？,パンプキン,すぐに,元気を回復させる,関連している,pumpkin は「パンプキン」という意味だよ。
142,高校生後半,大学入試・B2,15,noun,B2,英日,4択,rainstorm,豪雨,「rainstorm」の意味は？,豪雨,元気を回復させる,関連している,安心した,rainstorm は「豪雨」という意味だよ。
142,高校生後半,大学入試・B2,16,adverb,B2,英日,4択,readily,すぐに,「readily」の意味は？,すぐに,関連している,安心した,ラグ,readily は「すぐに」という意味だよ。
142,高校生後半,大学入試・B2,17,noun,B2,英日,4択,refresh,元気を回復させる,「refresh」の意味は？,元気を回復させる,安心した,ラグ,貯蓄,refresh は「元気を回復させる」という意味だよ。
142,高校生後半,大学入試・B2,18,adjective,B2,英日,4択,related,関連している,「related」の意味は？,関連している,ラグ,貯蓄,売り手,related は「関連している」という意味だよ。
142,高校生後半,大学入試・B2,19,adjective,B2,英日,4択,relieved,安心した,「relieved」の意味は？,安心した,貯蓄,売り手,スケッチ,relieved は「安心した」という意味だよ。
142,高校生後半,大学入試・B2,20,noun,B2,英日,4択,rug,ラグ,「rug」の意味は？,ラグ,売り手,スケッチ,熟練した,rug は「ラグ」という意味だよ。
142,高校生後半,大学入試・B2,21,noun,B2,日英,4択,saving,貯蓄,「貯蓄」を表す英単語は？,saving,sketch,skilled,sob,「貯蓄」は英語で saving と言うよ。
142,高校生後半,大学入試・B2,22,noun,B2,日英,4択,seller,売り手,「売り手」を表す英単語は？,seller,skilled,sob,span,「売り手」は英語で seller と言うよ。
142,高校生後半,大学入試・B2,23,verb,B2,日英,4択,sketch,スケッチ,「スケッチ」を表す英単語は？,sketch,sob,span,starve,「スケッチ」は英語で sketch と言うよ。
142,高校生後半,大学入試・B2,24,adjective,B2,日英,4択,skilled,熟練した,「熟練した」を表す英単語は？,skilled,span,starve,stereotype,「熟練した」は英語で skilled と言うよ。
142,高校生後半,大学入試・B2,25,verb,B2,日英,4択,sob,すすり泣き,「すすり泣き」を表す英単語は？,sob,starve,stereotype,suburb,「すすり泣き」は英語で sob と言うよ。
142,高校生後半,大学入試・B2,26,verb,B2,日英,4択,span,スパン,「スパン」を表す英単語は？,span,stereotype,suburb,suck,「スパン」は英語で span と言うよ。
142,高校生後半,大学入試・B2,27,verb,B2,日英,4択,starve,飢える,「飢える」を表す英単語は？,starve,suburb,suck,mask,「飢える」は英語で starve と言うよ。
142,高校生後半,大学入試・B2,28,noun,B2,日英,4択,stereotype,ステレオタイプ,「ステレオタイプ」を表す英単語は？,stereotype,suck,mask,messenger,「ステレオタイプ」は英語で stereotype と言うよ。
142,高校生後半,大学入試・B2,29,noun,B2,日英,4択,suburb,郊外,「郊外」を表す英単語は？,suburb,mask,messenger,microwave,「郊外」は英語で suburb と言うよ。
142,高校生後半,大学入試・B2,30,verb,B2,日英,4択,suck,吸う,「吸う」を表す英単語は？,suck,messenger,microwave,miniature,「吸う」は英語で suck と言うよ。
143,高校生後半,大学入試・B2,1,adverb,B2,英日,4択,temporarily,一時的に,「temporarily」の意味は？,一時的に,徹底的に,スリル,特性,temporarily は「一時的に」という意味だよ。
143,高校生後半,大学入試・B2,2,noun,B2,英日,4択,terrace,テラス,「terrace」の意味は？,テラス,スリル,特性,トンネル,terrace は「テラス」という意味だよ。
143,高校生後半,大学入試・B2,3,adverb,B2,英日,4択,thoroughly,徹底的に,「thoroughly」の意味は？,徹底的に,特性,トンネル,究極の,thoroughly は「徹底的に」という意味だよ。
143,高校生後半,大学入試・B2,4,noun,B2,英日,4択,thrill,スリル,「thrill」の意味は？,スリル,トンネル,究極の,気づいていない,thrill は「スリル」という意味だよ。
143,高校生後半,大学入試・B2,5,noun,B2,英日,4択,trait,特性,「trait」の意味は？,特性,究極の,気づいていない,非現実的,trait は「特性」という意味だよ。
143,高校生後半,大学入試・B2,6,noun,B2,英日,4択,tunnel,トンネル,「tunnel」の意味は？,トンネル,気づいていない,非現実的,村人,tunnel は「トンネル」という意味だよ。
143,高校生後半,大学入試・B2,7,adjective,B2,英日,4択,ultimate,究極の,「ultimate」の意味は？,究極の,非現実的,村人,疲れた,ultimate は「究極の」という意味だよ。
143,高校生後半,大学入試・B2,8,adjective,B2,英日,4択,unaware,気づいていない,「unaware」の意味は？,気づいていない,村人,疲れた,ばかげている,unaware は「気づいていない」という意味だよ。
143,高校生後半,大学入試・B2,9,adjective,B2,英日,4択,unrealistic,非現実的,「unrealistic」の意味は？,非現実的,疲れた,ばかげている,素晴らしい,unrealistic は「非現実的」という意味だよ。
143,高校生後半,大学入試・B2,10,noun,B2,英日,4択,villager,村人,「villager」の意味は？,村人,ばかげている,素晴らしい,アルミニウム,villager は「村人」という意味だよ。
143,高校生後半,大学入試・B2,11,adjective,B2,英日,4択,weary,疲れた,「weary」の意味は？,疲れた,素晴らしい,アルミニウム,大使,weary は「疲れた」という意味だよ。
143,高校生後半,大学入試・B2,12,adjective,B2,英日,4択,absurd,ばかげている,「absurd」の意味は？,ばかげている,アルミニウム,大使,期待,absurd は「ばかげている」という意味だよ。
143,高校生後半,大学入試・B2,13,adjective,B2,英日,4択,admirable,素晴らしい,「admirable」の意味は？,素晴らしい,大使,期待,応募者,admirable は「素晴らしい」という意味だよ。
143,高校生後半,大学入試・B2,14,noun,B2,英日,4択,aluminum,アルミニウム,「aluminum」の意味は？,アルミニウム,期待,応募者,組み立てる,aluminum は「アルミニウム」という意味だよ。
143,高校生後半,大学入試・B2,15,noun,B2,英日,4択,ambassador,大使,「ambassador」の意味は？,大使,応募者,組み立てる,主張する,ambassador は「大使」という意味だよ。
143,高校生後半,大学入試・B2,16,noun,B2,英日,4択,anticipation,期待,「anticipation」の意味は？,期待,組み立てる,主張する,後ろへ,anticipation は「期待」という意味だよ。
143,高校生後半,大学入試・B2,17,noun,B2,英日,4択,applicant,応募者,「applicant」の意味は？,応募者,主張する,後ろへ,裏庭,applicant は「応募者」という意味だよ。
143,高校生後半,大学入試・B2,18,verb,B2,英日,4択,assemble,組み立てる,「assemble」の意味は？,組み立てる,後ろへ,裏庭,沸騰,assemble は「組み立てる」という意味だよ。
143,高校生後半,大学入試・B2,19,verb,B2,英日,4択,assert,主張する,「assert」の意味は？,主張する,裏庭,沸騰,概して,assert は「主張する」という意味だよ。
143,高校生後半,大学入試・B2,20,adverb,B2,英日,4択,backwards,後ろへ,「backwards」の意味は？,後ろへ,沸騰,概して,ブラウズ,backwards は「後ろへ」という意味だよ。
143,高校生後半,大学入試・B2,21,noun,B2,日英,4択,backyard,裏庭,「裏庭」を表す英単語は？,backyard,broadly,browse,calmly,「裏庭」は英語で backyard と言うよ。
143,高校生後半,大学入試・B2,22,adjective,B2,日英,4択,boiling,沸騰,「沸騰」を表す英単語は？,boiling,browse,calmly,certificate,「沸騰」は英語で boiling と言うよ。
143,高校生後半,大学入試・B2,23,adverb,B2,日英,4択,broadly,概して,「概して」を表す英単語は？,broadly,calmly,certificate,charming,「概して」は英語で broadly と言うよ。
143,高校生後半,大学入試・B2,24,verb,B2,日英,4択,browse,ブラウズ,「ブラウズ」を表す英単語は？,browse,certificate,charming,cheat,「ブラウズ」は英語で browse と言うよ。
143,高校生後半,大学入試・B2,25,adverb,B2,日英,4択,calmly,落ち着いて,「落ち着いて」を表す英単語は？,calmly,charming,cheat,chimney,「落ち着いて」は英語で calmly と言うよ。
143,高校生後半,大学入試・B2,26,noun,B2,日英,4択,certificate,証明書,「証明書」を表す英単語は？,certificate,cheat,chimney,clap,「証明書」は英語で certificate と言うよ。
143,高校生後半,大学入試・B2,27,adjective,B2,日英,4択,charming,魅力的,「魅力的」を表す英単語は？,charming,chimney,clap,temporarily,「魅力的」は英語で charming と言うよ。
143,高校生後半,大学入試・B2,28,verb,B2,日英,4択,cheat,だます,「だます」を表す英単語は？,cheat,clap,temporarily,terrace,「だます」は英語で cheat と言うよ。
143,高校生後半,大学入試・B2,29,noun,B2,日英,4択,chimney,煙突,「煙突」を表す英単語は？,chimney,temporarily,terrace,thoroughly,「煙突」は英語で chimney と言うよ。
143,高校生後半,大学入試・B2,30,verb,B2,日英,4択,clap,拍手する,「拍手する」を表す英単語は？,clap,terrace,thoroughly,thrill,「拍手する」は英語で clap と言うよ。
144,高校生後半,大学入試・B2,1,adverb,B2,英日,4択,comfortably,快適に,「comfortably」の意味は？,快適に,自信を持って,論争,都合よく,comfortably は「快適に」という意味だよ。
144,高校生後半,大学入試・B2,2,noun,B2,英日,4択,comprehension,理解,「comprehension」の意味は？,理解,論争,都合よく,逆に,comprehension は「理解」という意味だよ。
144,高校生後半,大学入試・B2,3,adverb,B2,英日,4択,confidently,自信を持って,「confidently」の意味は？,自信を持って,都合よく,逆に,創造的に,confidently は「自信を持って」という意味だよ。
144,高校生後半,大学入試・B2,4,noun,B2,英日,4択,controversy,論争,「controversy」の意味は？,論争,逆に,創造的に,カール,controversy は「論争」という意味だよ。
144,高校生後半,大学入試・B2,5,adverb,B2,英日,4択,conveniently,都合よく,「conveniently」の意味は？,都合よく,創造的に,カール,腐る・衰える,conveniently は「都合よく」という意味だよ。
144,高校生後半,大学入試・B2,6,adverb,B2,英日,4択,conversely,逆に,「conversely」の意味は？,逆に,カール,腐る・衰える,ちゃんとした,conversely は「逆に」という意味だよ。
144,高校生後半,大学入試・B2,7,adverb,B2,英日,4択,creatively,創造的に,「creatively」の意味は？,創造的に,腐る・衰える,ちゃんとした,献身,creatively は「創造的に」という意味だよ。
144,高校生後半,大学入試・B2,8,noun,B2,英日,4択,curl,カール,「curl」の意味は？,カール,ちゃんとした,献身,意図的に,curl は「カール」という意味だよ。
144,高校生後半,大学入試・B2,9,verb,B2,英日,4択,decay,腐る・衰える,「decay」の意味は？,腐る・衰える,献身,意図的に,故意に,decay は「腐る・衰える」という意味だよ。
144,高校生後半,大学入試・B2,10,adjective,B2,英日,4択,decent,ちゃんとした,「decent」の意味は？,ちゃんとした,意図的に,故意に,密集,decent は「ちゃんとした」という意味だよ。
144,高校生後半,大学入試・B2,11,noun,B2,英日,4択,dedication,献身,「dedication」の意味は？,献身,故意に,密集,信頼できる,dedication は「献身」という意味だよ。
144,高校生後半,大学入試・B2,12,adjective,B2,英日,4択,deliberate,意図的に,「deliberate」の意味は？,意図的に,密集,信頼できる,教育者,deliberate は「意図的に」という意味だよ。
144,高校生後半,大学入試・B2,13,adverb,B2,英日,4択,deliberately,故意に,「deliberately」の意味は？,故意に,信頼できる,教育者,熱心に,deliberately は「故意に」という意味だよ。
144,高校生後半,大学入試・B2,14,adjective,B2,英日,4択,dense,密集,「dense」の意味は？,密集,教育者,熱心に,逃げる,dense は「密集」という意味だよ。
144,高校生後半,大学入試・B2,15,adjective,B2,英日,4択,dependable,信頼できる,「dependable」の意味は？,信頼できる,熱心に,逃げる,急ぎ,dependable は「信頼できる」という意味だよ。
144,高校生後半,大学入試・B2,16,noun,B2,英日,4択,educator,教育者,「educator」の意味は？,教育者,逃げる,急ぎ,遺産,educator は「教育者」という意味だよ。
144,高校生後半,大学入試・B2,17,adverb,B2,英日,4択,enthusiastically,熱心に,「enthusiastically」の意味は？,熱心に,急ぎ,遺産,理想的には,enthusiastically は「熱心に」という意味だよ。
144,高校生後半,大学入試・B2,18,verb,B2,英日,4択,flee,逃げる,「flee」の意味は？,逃げる,遺産,理想的には,無知な,flee は「逃げる」という意味だよ。
144,高校生後半,大学入試・B2,19,noun,B2,英日,4択,haste,急ぎ,「haste」の意味は？,急ぎ,理想的には,無知な,無関心,haste は「急ぎ」という意味だよ。
144,高校生後半,大学入試・B2,20,noun,B2,英日,4択,heritage,遺産,「heritage」の意味は？,遺産,無知な,無関心,感染する,heritage は「遺産」という意味だよ。
144,高校生後半,大学入試・B2,21,adverb,B2,日英,4択,ideally,理想的には,「理想的には」を表す英単語は？,ideally,indifferent,infect,informal,「理想的には」は英語で ideally と言うよ。
144,高校生後半,大学入試・B2,22,adjective,B2,日英,4択,ignorant,無知な,「無知な」を表す英単語は？,ignorant,infect,informal,inseparable,「無知な」は英語で ignorant と言うよ。
144,高校生後半,大学入試・B2,23,adjective,B2,日英,4択,indifferent,無関心,「無関心」を表す英単語は？,indifferent,informal,inseparable,inspector,「無関心」は英語で indifferent と言うよ。
144,高校生後半,大学入試・B2,24,verb,B2,日英,4択,infect,感染する,「感染する」を表す英単語は？,infect,inseparable,inspector,instinct,「感染する」は英語で infect と言うよ。
144,高校生後半,大学入試・B2,25,adjective,B2,日英,4択,informal,非公式,「非公式」を表す英単語は？,informal,inspector,instinct,interpreter,「非公式」は英語で informal と言うよ。
144,高校生後半,大学入試・B2,26,adjective,B2,日英,4択,inseparable,切り離せない,「切り離せない」を表す英単語は？,inseparable,instinct,interpreter,karaoke,「切り離せない」は英語で inseparable と言うよ。
144,高校生後半,大学入試・B2,27,noun,B2,日英,4択,inspector,検査官,「検査官」を表す英単語は？,inspector,interpreter,karaoke,comfortably,「検査官」は英語で inspector と言うよ。
144,高校生後半,大学入試・B2,28,noun,B2,日英,4択,instinct,本能,「本能」を表す英単語は？,instinct,karaoke,comfortably,comprehension,「本能」は英語で instinct と言うよ。
144,高校生後半,大学入試・B2,29,noun,B2,日英,4択,interpreter,通訳者,「通訳者」を表す英単語は？,interpreter,comfortably,comprehension,confidently,「通訳者」は英語で interpreter と言うよ。
144,高校生後半,大学入試・B2,30,noun,B2,日英,4択,karaoke,カラオケ,「カラオケ」を表す英単語は？,karaoke,comprehension,confidently,controversy,「カラオケ」は英語で karaoke と言うよ。
145,高校生後半,大学入試・B2,1,noun,B2,英日,4択,leak,リーク,「leak」の意味は？,リーク,長くする,蓋,同じく,leak は「リーク」という意味だよ。
145,高校生後半,大学入試・B2,2,adjective,B2,英日,4択,legendary,伝説的,「legendary」の意味は？,伝説的,蓋,同じく,ゴミ,legendary は「伝説的」という意味だよ。
145,高校生後半,大学入試・B2,3,verb,B2,英日,4択,lengthen,長くする,「lengthen」の意味は？,長くする,同じく,ゴミ,マダム,lengthen は「長くする」という意味だよ。
145,高校生後半,大学入試・B2,4,noun,B2,英日,4択,lid,蓋,「lid」の意味は？,蓋,ゴミ,マダム,マラソン,lid は「蓋」という意味だよ。
145,高校生後半,大学入試・B2,5,adverb,B2,英日,4択,likewise,同じく,「likewise」の意味は？,同じく,マダム,マラソン,泥だらけ,likewise は「同じく」という意味だよ。
145,高校生後半,大学入試・B2,6,noun,B2,英日,4択,litter,ゴミ,「litter」の意味は？,ゴミ,マラソン,泥だらけ,増える・掛ける,litter は「ゴミ」という意味だよ。
145,高校生後半,大学入試・B2,7,noun,B2,英日,4択,madam,マダム,「madam」の意味は？,マダム,泥だらけ,増える・掛ける,近隣,madam は「マダム」という意味だよ。
145,高校生後半,大学入試・B2,8,noun,B2,英日,4択,marathon,マラソン,「marathon」の意味は？,マラソン,増える・掛ける,近隣,神経質に,marathon は「マラソン」という意味だよ。
145,高校生後半,大学入試・B2,9,adjective,B2,英日,4択,muddy,泥だらけ,「muddy」の意味は？,泥だらけ,近隣,神経質に,うまく,muddy は「泥だらけ」という意味だよ。
145,高校生後半,大学入試・B2,10,verb,B2,英日,4択,multiply,増える・掛ける,「multiply」の意味は？,増える・掛ける,神経質に,うまく,従う,multiply は「増える・掛ける」という意味だよ。
145,高校生後半,大学入試・B2,11,adjective,B2,英日,4択,neighboring,近隣,「neighboring」の意味は？,近隣,うまく,従う,楽観的,neighboring は「近隣」という意味だよ。
145,高校生後半,大学入試・B2,12,adverb,B2,英日,4択,nervously,神経質に,「nervously」の意味は？,神経質に,従う,楽観的,服装,nervously は「神経質に」という意味だよ。
145,高校生後半,大学入試・B2,13,adverb,B2,英日,4択,nicely,うまく,「nicely」の意味は？,うまく,楽観的,服装,パンケーキ,nicely は「うまく」という意味だよ。
145,高校生後半,大学入試・B2,14,verb,B2,英日,4択,obey,従う,「obey」の意味は？,従う,服装,パンケーキ,パレード,obey は「従う」という意味だよ。
145,高校生後半,大学入試・B2,15,adjective,B2,英日,4択,optimistic,楽観的,「optimistic」の意味は？,楽観的,パンケーキ,パレード,小石,optimistic は「楽観的」という意味だよ。
145,高校生後半,大学入試・B2,16,noun,B2,英日,4択,outfit,服装,「outfit」の意味は？,服装,パレード,小石,哲学的,outfit は「服装」という意味だよ。
145,高校生後半,大学入試・B2,17,noun,B2,英日,4択,pancake,パンケーキ,「pancake」の意味は？,パンケーキ,小石,哲学的,梅,pancake は「パンケーキ」という意味だよ。
145,高校生後半,大学入試・B2,18,noun,B2,英日,4択,parade,パレード,「parade」の意味は？,パレード,哲学的,梅,郵便,parade は「パレード」という意味だよ。
145,高校生後半,大学入試・B2,19,noun,B2,英日,4択,pebble,小石,「pebble」の意味は？,小石,梅,郵便,好ましい,pebble は「小石」という意味だよ。
145,高校生後半,大学入試・B2,20,adjective,B2,英日,4択,philosophical,哲学的,「philosophical」の意味は？,哲学的,郵便,好ましい,脈,philosophical は「哲学的」という意味だよ。
145,高校生後半,大学入試・B2,21,noun,B2,日英,4択,plum,梅,「梅」を表す英単語は？,plum,preferable,pulse,quarrel,「梅」は英語で plum と言うよ。
145,高校生後半,大学入試・B2,22,adjective,B2,日英,4択,postal,郵便,「郵便」を表す英単語は？,postal,pulse,quarrel,recollect,「郵便」は英語で postal と言うよ。
145,高校生後半,大学入試・B2,23,adjective,B2,日英,4択,preferable,好ましい,「好ましい」を表す英単語は？,preferable,quarrel,recollect,refrain,「好ましい」は英語で preferable と言うよ。
145,高校生後半,大学入試・B2,24,noun,B2,日英,4択,pulse,脈,「脈」を表す英単語は？,pulse,recollect,refrain,repetition,「脈」は英語で pulse と言うよ。
145,高校生後半,大学入試・B2,25,noun,B2,日英,4択,quarrel,喧嘩,「喧嘩」を表す英単語は？,quarrel,refrain,repetition,respected,「喧嘩」は英語で quarrel と言うよ。
145,高校生後半,大学入試・B2,26,verb,B2,日英,4択,recollect,思い出す,「思い出す」を表す英単語は？,recollect,repetition,respected,resume,「思い出す」は英語で recollect と言うよ。
145,高校生後半,大学入試・B2,27,noun,B2,日英,4択,refrain,控える,「控える」を表す英単語は？,refrain,respected,resume,leak,「控える」は英語で refrain と言うよ。
145,高校生後半,大学入試・B2,28,noun,B2,日英,4択,repetition,繰り返し,「繰り返し」を表す英単語は？,repetition,resume,leak,legendary,「繰り返し」は英語で repetition と言うよ。
145,高校生後半,大学入試・B2,29,adjective,B2,日英,4択,respected,尊敬されている,「尊敬されている」を表す英単語は？,respected,leak,legendary,lengthen,「尊敬されている」は英語で respected と言うよ。
145,高校生後半,大学入試・B2,30,verb,B2,日英,4択,resume,再開する・履歴書,「再開する・履歴書」を表す英単語は？,resume,legendary,lengthen,lid,「再開する・履歴書」は英語で resume と言うよ。
146,高校生後半,大学入試・B2,1,verb,B2,英日,4択,revolutionize,革命を起こす,「revolutionize」の意味は？,革命を起こす,販売員,平手打ち,スプラッシュ,revolutionize は「革命を起こす」という意味だよ。
146,高校生後半,大学入試・B2,2,noun,B2,英日,4択,ritual,儀式,「ritual」の意味は？,儀式,平手打ち,スプラッシュ,絞る,ritual は「儀式」という意味だよ。
146,高校生後半,大学入試・B2,3,noun,B2,英日,4択,salesperson,販売員,「salesperson」の意味は？,販売員,スプラッシュ,絞る,統計,salesperson は「販売員」という意味だよ。
146,高校生後半,大学入試・B2,4,noun,B2,英日,4択,slap,平手打ち,「slap」の意味は？,平手打ち,絞る,統計,厳密に,slap は「平手打ち」という意味だよ。
146,高校生後半,大学入試・B2,5,noun,B2,英日,4択,splash,スプラッシュ,「splash」の意味は？,スプラッシュ,統計,厳密に,連続,splash は「スプラッシュ」という意味だよ。
146,高校生後半,大学入試・B2,6,verb,B2,英日,4択,squeeze,絞る,「squeeze」の意味は？,絞る,厳密に,連続,疑わしい,squeeze は「絞る」という意味だよ。
146,高校生後半,大学入試・B2,7,noun,B2,英日,4択,statistics,統計,「statistics」の意味は？,統計,連続,疑わしい,同情的な,statistics は「統計」という意味だよ。
146,高校生後半,大学入試・B2,8,adverb,B2,英日,4択,strictly,厳密に,「strictly」の意味は？,厳密に,疑わしい,同情的な,同情する,strictly は「厳密に」という意味だよ。
146,高校生後半,大学入試・B2,9,adjective,B2,英日,4択,successive,連続,「successive」の意味は？,連続,同情的な,同情する,思慮深い,successive は「連続」という意味だよ。
146,高校生後半,大学入試・B2,10,adjective,B2,英日,4択,suspicious,疑わしい,「suspicious」の意味は？,疑わしい,同情する,思慮深い,思慮のない,suspicious は「疑わしい」という意味だよ。
146,高校生後半,大学入試・B2,11,adjective,B2,英日,4択,sympathetic,同情的な,「sympathetic」の意味は？,同情的な,思慮深い,思慮のない,感激した,sympathetic は「同情的な」という意味だよ。
146,高校生後半,大学入試・B2,12,verb,B2,英日,4択,sympathize,同情する,「sympathize」の意味は？,同情する,思慮のない,感激した,スリリング,sympathize は「同情する」という意味だよ。
146,高校生後半,大学入試・B2,13,adjective,B2,英日,4択,thoughtful,思慮深い,「thoughtful」の意味は？,思慮深い,感激した,スリリング,許容する,thoughtful は「思慮深い」という意味だよ。
146,高校生後半,大学入試・B2,14,adjective,B2,英日,4択,thoughtless,思慮のない,「thoughtless」の意味は？,思慮のない,スリリング,許容する,トレーダー,thoughtless は「思慮のない」という意味だよ。
146,高校生後半,大学入試・B2,15,adjective,B2,英日,4択,thrilled,感激した,「thrilled」の意味は？,感激した,許容する,トレーダー,トレーナー,thrilled は「感激した」という意味だよ。
146,高校生後半,大学入試・B2,16,adjective,B2,英日,4択,thrilling,スリリング,「thrilling」の意味は？,スリリング,トレーダー,トレーナー,正直な,thrilling は「スリリング」という意味だよ。
146,高校生後半,大学入試・B2,17,verb,B2,英日,4択,tolerate,許容する,「tolerate」の意味は？,許容する,トレーナー,正直な,正直さ,tolerate は「許容する」という意味だよ。
146,高校生後半,大学入試・B2,18,noun,B2,英日,4択,trader,トレーダー,「trader」の意味は？,トレーダー,正直な,正直さ,容認できない,trader は「トレーダー」という意味だよ。
146,高校生後半,大学入試・B2,19,noun,B2,英日,4択,trainer,トレーナー,「trainer」の意味は？,トレーナー,正直さ,容認できない,変わらない,trainer は「トレーナー」という意味だよ。
146,高校生後半,大学入試・B2,20,adjective,B2,英日,4択,truthful,正直な,「truthful」の意味は？,正直な,容認できない,変わらない,理解できる,truthful は「正直な」という意味だよ。
146,高校生後半,大学入試・B2,21,noun,B2,日英,4択,truthfulness,正直さ,「正直さ」を表す英単語は？,truthfulness,unchanged,understandable,undoubtedly,「正直さ」は英語で truthfulness と言うよ。
146,高校生後半,大学入試・B2,22,adjective,B2,日英,4択,unacceptable,容認できない,「容認できない」を表す英単語は？,unacceptable,understandable,undoubtedly,unpopular,「容認できない」は英語で unacceptable と言うよ。
146,高校生後半,大学入試・B2,23,adjective,B2,日英,4択,unchanged,変わらない,「変わらない」を表す英単語は？,unchanged,undoubtedly,unpopular,unreliable,「変わらない」は英語で unchanged と言うよ。
146,高校生後半,大学入試・B2,24,adjective,B2,日英,4択,understandable,理解できる,「理解できる」を表す英単語は？,understandable,unpopular,unreliable,unsuccessful,「理解できる」は英語で understandable と言うよ。
146,高校生後半,大学入試・B2,25,adverb,B2,日英,4択,undoubtedly,間違いなく,「間違いなく」を表す英単語は？,undoubtedly,unreliable,unsuccessful,unsuitable,「間違いなく」は英語で undoubtedly と言うよ。
146,高校生後半,大学入試・B2,26,adjective,B2,日英,4択,unpopular,不人気,「不人気」を表す英単語は？,unpopular,unsuccessful,unsuitable,unsure,「不人気」は英語で unpopular と言うよ。
146,高校生後半,大学入試・B2,27,adjective,B2,日英,4択,unreliable,信頼できない,「信頼できない」を表す英単語は？,unreliable,unsuitable,unsure,revolutionize,「信頼できない」は英語で unreliable と言うよ。
146,高校生後半,大学入試・B2,28,adjective,B2,日英,4択,unsuccessful,失敗,「失敗」を表す英単語は？,unsuccessful,unsure,revolutionize,ritual,「失敗」は英語で unsuccessful と言うよ。
146,高校生後半,大学入試・B2,29,adjective,B2,日英,4択,unsuitable,不適切,「不適切」を表す英単語は？,unsuitable,revolutionize,ritual,salesperson,「不適切」は英語で unsuitable と言うよ。
146,高校生後半,大学入試・B2,30,adjective,B2,日英,4択,unsure,不明,「不明」を表す英単語は？,unsure,ritual,salesperson,slap,「不明」は英語で unsure と言うよ。
147,高校生後半,大学入試・B2,1,noun,B2,英日,4択,viewer,視聴者,「viewer」の意味は？,視聴者,自ら進んで,報道媒体,～倍,viewer は「視聴者」という意味だよ。
147,高校生後半,大学入試・B2,2,noun,B2,英日,4択,wilderness,荒野,「wilderness」の意味は？,荒野,報道媒体,～倍,人物紹介・横顔,wilderness は「荒野」という意味だよ。
147,高校生後半,大学入試・B2,3,adverb,B2,英日,4択,willingly,自ら進んで,「willingly」の意味は？,自ら進んで,～倍,人物紹介・横顔,糸,willingly は「自ら進んで」という意味だよ。
147,高校生後半,大学入試・B2,4,noun,B2,英日,4択,media,報道媒体,「media」の意味は？,報道媒体,人物紹介・横顔,糸,引用する,media は「報道媒体」という意味だよ。
147,高校生後半,大学入試・B2,5,preposition,B2,英日,4択,times,～倍,「times」の意味は？,～倍,糸,引用する,参照・言及,times は「～倍」という意味だよ。
147,高校生後半,大学入試・B2,6,noun,B2,英日,4択,profile,人物紹介・横顔,「profile」の意味は？,人物紹介・横顔,引用する,参照・言及,電子工学,profile は「人物紹介・横顔」という意味だよ。
147,高校生後半,大学入試・B2,7,noun,B2,英日,4択,thread,糸,「thread」の意味は？,糸,参照・言及,電子工学,連邦の,thread は「糸」という意味だよ。
147,高校生後半,大学入試・B2,8,noun,B2,英日,4択,quote,引用する,「quote」の意味は？,引用する,電子工学,連邦の,財政,quote は「引用する」という意味だよ。
147,高校生後半,大学入試・B2,9,noun,B2,英日,4択,reference,参照・言及,「reference」の意味は？,参照・言及,連邦の,財政,企業の,reference は「参照・言及」という意味だよ。
147,高校生後半,大学入試・B2,10,noun,B2,英日,4択,electronics,電子工学,「electronics」の意味は？,電子工学,財政,企業の,機器,electronics は「電子工学」という意味だよ。
147,高校生後半,大学入試・B2,11,adjective,B2,英日,4択,federal,連邦の,「federal」の意味は？,連邦の,企業の,機器,委員会・手数料,federal は「連邦の」という意味だよ。
147,高校生後半,大学入試・B2,12,noun,B2,英日,4択,finance,財政,「finance」の意味は？,財政,機器,委員会・手数料,住宅ローン・抵当,finance は「財政」という意味だよ。
147,高校生後半,大学入試・B2,13,adjective,B2,英日,4択,corporate,企業の,「corporate」の意味は？,企業の,委員会・手数料,住宅ローン・抵当,幹部・執行の,corporate は「企業の」という意味だよ。
147,高校生後半,大学入試・B2,14,noun,B2,英日,4択,hardware,機器,「hardware」の意味は？,機器,住宅ローン・抵当,幹部・執行の,郵便番号・ファスナー,hardware は「機器」という意味だよ。
147,高校生後半,大学入試・B2,15,noun,B2,英日,4択,commission,委員会・手数料,「commission」の意味は？,委員会・手数料,幹部・執行の,郵便番号・ファスナー,入札・値を付ける,commission は「委員会・手数料」という意味だよ。
147,高校生後半,大学入試・B2,16,noun,B2,英日,4択,mortgage,住宅ローン・抵当,「mortgage」の意味は？,住宅ローン・抵当,郵便番号・ファスナー,入札・値を付ける,…と結婚する,mortgage は「住宅ローン・抵当」という意味だよ。
147,高校生後半,大学入試・B2,17,adjective,B2,英日,4択,executive,幹部・執行の,「executive」の意味は？,幹部・執行の,入札・値を付ける,…と結婚する,前の,executive は「幹部・執行の」という意味だよ。
147,高校生後半,大学入試・B2,18,noun,B2,英日,4択,zip,郵便番号・ファスナー,「zip」の意味は？,郵便番号・ファスナー,…と結婚する,前の,個人秘書,zip は「郵便番号・ファスナー」という意味だよ。
147,高校生後半,大学入試・B2,19,verb,B2,英日,4択,bid,入札・値を付ける,「bid」の意味は？,入札・値を付ける,前の,個人秘書,評価,bid は「入札・値を付ける」という意味だよ。
147,高校生後半,大学入試・B2,20,verb,B2,英日,4択,wed,…と結婚する,「wed」の意味は？,…と結婚する,個人秘書,評価,現存する,wed は「…と結婚する」という意味だよ。
147,高校生後半,大学入試・B2,21,adjective,B2,日英,4択,prior,前の,「前の」を表す英単語は？,prior,assessment,existing,catalog,「前の」は英語で prior と言うよ。
147,高校生後半,大学入試・B2,22,noun,B2,日英,4択,pa,個人秘書,「個人秘書」を表す英単語は？,pa,existing,catalog,enterprise,「個人秘書」は英語で pa と言うよ。
147,高校生後半,大学入試・B2,23,noun,B2,日英,4択,assessment,評価,「評価」を表す英単語は？,assessment,catalog,enterprise,output,「評価」は英語で assessment と言うよ。
147,高校生後半,大学入試・B2,24,adjective,B2,日英,4択,existing,現存する,「現存する」を表す英単語は？,existing,enterprise,output,faculty,「現存する」は英語で existing と言うよ。
147,高校生後半,大学入試・B2,25,noun,B2,日英,4択,catalog,目録,「目録」を表す英単語は？,catalog,output,faculty,moving,「目録」は英語で catalog と言うよ。
147,高校生後半,大学入試・B2,26,noun,B2,日英,4択,enterprise,事業,「事業」を表す英単語は？,enterprise,faculty,moving,core,「事業」は英語で enterprise と言うよ。
147,高校生後半,大学入試・B2,27,noun,B2,日英,4択,output,生産高,「生産高」を表す英単語は？,output,moving,core,viewer,「生産高」は英語で output と言うよ。
147,高校生後半,大学入試・B2,28,noun,B2,日英,4択,faculty,学部・能力,「学部・能力」を表す英単語は？,faculty,core,viewer,wilderness,「学部・能力」は英語で faculty と言うよ。
147,高校生後半,大学入試・B2,29,adjective,B2,日英,4択,moving,感動的な・動く,「感動的な・動く」を表す英単語は？,moving,viewer,wilderness,willingly,「感動的な・動く」は英語で moving と言うよ。
147,高校生後半,大学入試・B2,30,noun,B2,日英,4択,core,中心部,「中心部」を表す英単語は？,core,wilderness,willingly,media,「中心部」は英語で core と言うよ。
148,高校生後半,大学入試・B2,1,adjective,B2,英日,4択,external,外部の,「external」の意味は？,外部の,部門,適切な,発展中の,external は「外部の」という意味だよ。
148,高校生後半,大学入試・B2,2,adjective,B2,英日,4択,fixed,固定された,「fixed」の意味は？,固定された,適切な,発展中の,商業,fixed は「固定された」という意味だよ。
148,高校生後半,大学入試・B2,3,noun,B2,英日,4択,sector,部門,「sector」の意味は？,部門,発展中の,商業,機能上の,sector は「部門」という意味だよ。
148,高校生後半,大学入試・B2,4,adjective,B2,英日,4択,relevant,適切な,「relevant」の意味は？,適切な,商業,機能上の,規範・作品群,relevant は「適切な」という意味だよ。
148,高校生後半,大学入試・B2,5,adjective,B2,英日,4択,developing,発展中の,「developing」の意味は？,発展中の,機能上の,規範・作品群,段階,developing は「発展中の」という意味だよ。
148,高校生後半,大学入試・B2,6,noun,B2,英日,4択,commerce,商業,「commerce」の意味は？,商業,規範・作品群,段階,つぎ・一区画,commerce は「商業」という意味だよ。
148,高校生後半,大学入試・B2,7,adjective,B2,英日,4択,functional,機能上の,「functional」の意味は？,機能上の,段階,つぎ・一区画,治療,functional は「機能上の」という意味だよ。
148,高校生後半,大学入試・B2,8,noun,B2,英日,4択,canon,規範・作品群,「canon」の意味は？,規範・作品群,つぎ・一区画,治療,行政上の,canon は「規範・作品群」という意味だよ。
148,高校生後半,大学入試・B2,9,noun,B2,英日,4択,phase,段階,「phase」の意味は？,段階,治療,行政上の,小川,phase は「段階」という意味だよ。
148,高校生後半,大学入試・B2,10,noun,B2,英日,4択,patch,つぎ・一区画,「patch」の意味は？,つぎ・一区画,行政上の,小川,乱用,patch は「つぎ・一区画」という意味だよ。
148,高校生後半,大学入試・B2,11,noun,B2,英日,4択,therapy,治療,「therapy」の意味は？,治療,小川,乱用,拡張,therapy は「治療」という意味だよ。
148,高校生後半,大学入試・B2,12,adjective,B2,英日,4択,administrative,行政上の,「administrative」の意味は？,行政上の,乱用,拡張,照明,administrative は「行政上の」という意味だよ。
148,高校生後半,大学入試・B2,13,noun,B2,英日,4択,creek,小川,「creek」の意味は？,小川,拡張,照明,象徴・アイコン,creek は「小川」という意味だよ。
148,高校生後半,大学入試・B2,14,noun,B2,英日,4択,abuse,乱用,「abuse」の意味は？,乱用,照明,象徴・アイコン,全職員,abuse は「乱用」という意味だよ。
148,高校生後半,大学入試・B2,15,noun,B2,英日,4択,extension,拡張,「extension」の意味は？,拡張,象徴・アイコン,全職員,推定の,extension は「拡張」という意味だよ。
148,高校生後半,大学入試・B2,16,noun,B2,英日,4択,lighting,照明,「lighting」の意味は？,照明,全職員,推定の,匿名の,lighting は「照明」という意味だよ。
148,高校生後半,大学入試・B2,17,noun,B2,英日,4択,icon,象徴・アイコン,「icon」の意味は？,象徴・アイコン,推定の,匿名の,警戒している,icon は「象徴・アイコン」という意味だよ。
148,高校生後半,大学入試・B2,18,noun,B2,英日,4択,personnel,全職員,「personnel」の意味は？,全職員,匿名の,警戒している,歳入,personnel は「全職員」という意味だよ。
148,高校生後半,大学入試・B2,19,adjective,B2,英日,4択,estimated,推定の,「estimated」の意味は？,推定の,警戒している,歳入,温泉・保養施設,estimated は「推定の」という意味だよ。
148,高校生後半,大学入試・B2,20,adjective,B2,英日,4択,anonymous,匿名の,「anonymous」の意味は？,匿名の,歳入,温泉・保養施設,適格な,anonymous は「匿名の」という意味だよ。
148,高校生後半,大学入試・B2,21,verb,B2,日英,4択,alert,警戒している,「警戒している」を表す英単語は？,alert,spa,eligible,zoom,「警戒している」は英語で alert と言うよ。
148,高校生後半,大学入試・B2,22,noun,B2,日英,4択,revenue,歳入,「歳入」を表す英単語は？,revenue,eligible,zoom,query,「歳入」は英語で revenue と言うよ。
148,高校生後半,大学入試・B2,23,noun,B2,日英,4択,spa,温泉・保養施設,「温泉・保養施設」を表す英単語は？,spa,zoom,query,partnership,「温泉・保養施設」は英語で spa と言うよ。
148,高校生後半,大学入試・B2,24,adjective,B2,日英,4択,eligible,適格な,「適格な」を表す英単語は？,eligible,query,partnership,editorial,「適格な」は英語で eligible と言うよ。
148,高校生後半,大学入試・B2,25,noun,B2,日英,4択,zoom,急上昇する,「急上昇する」を表す英単語は？,zoom,partnership,editorial,equity,「急上昇する」は英語で zoom と言うよ。
148,高校生後半,大学入試・B2,26,noun,B2,日英,4択,query,質問,「質問」を表す英単語は？,query,editorial,equity,acid,「質問」は英語で query と言うよ。
148,高校生後半,大学入試・B2,27,noun,B2,日英,4択,partnership,提携,「提携」を表す英単語は？,partnership,equity,acid,external,「提携」は英語で partnership と言うよ。
148,高校生後半,大学入試・B2,28,noun,B2,日英,4択,editorial,社説・編集の,「社説・編集の」を表す英単語は？,editorial,acid,external,fixed,「社説・編集の」は英語で editorial と言うよ。
148,高校生後半,大学入試・B2,29,noun,B2,日英,4択,equity,公平,「公平」を表す英単語は？,equity,external,fixed,sector,「公平」は英語で equity と言うよ。
148,高校生後半,大学入試・B2,30,noun,B2,日英,4択,acid,酸・酸性の,「酸・酸性の」を表す英単語は？,acid,fixed,sector,relevant,「酸・酸性の」は英語で acid と言うよ。
149,高校生後半,大学入試・B2,1,adjective,B2,英日,4択,compatible,両立できる,「compatible」の意味は？,両立できる,翻訳,立法,通行料・犠牲,compatible は「両立できる」という意味だよ。
149,高校生後半,大学入試・B2,2,noun,B2,英日,4択,recreation,娯楽,「recreation」の意味は？,娯楽,立法,通行料・犠牲,予防,recreation は「娯楽」という意味だよ。
149,高校生後半,大学入試・B2,3,noun,B2,英日,4択,translation,翻訳,「translation」の意味は？,翻訳,通行料・犠牲,予防,計画,translation は「翻訳」という意味だよ。
149,高校生後半,大学入試・B2,4,noun,B2,英日,4択,legislation,立法,「legislation」の意味は？,立法,予防,計画,実用性・公共事業,legislation は「立法」という意味だよ。
149,高校生後半,大学入試・B2,5,noun,B2,英日,4択,toll,通行料・犠牲,「toll」の意味は？,通行料・犠牲,計画,実用性・公共事業,証明・資格認定,toll は「通行料・犠牲」という意味だよ。
149,高校生後半,大学入試・B2,6,noun,B2,英日,4択,prevention,予防,「prevention」の意味は？,予防,実用性・公共事業,証明・資格認定,しおり,prevention は「予防」という意味だよ。
149,高校生後半,大学入試・B2,7,noun,B2,英日,4択,scheme,計画,「scheme」の意味は？,計画,証明・資格認定,しおり,供給・規定,scheme は「計画」という意味だよ。
149,高校生後半,大学入試・B2,8,noun,B2,英日,4択,utility,実用性・公共事業,「utility」の意味は？,実用性・公共事業,しおり,供給・規定,回路,utility は「実用性・公共事業」という意味だよ。
149,高校生後半,大学入試・B2,9,noun,B2,英日,4択,certification,証明・資格認定,「certification」の意味は？,証明・資格認定,供給・規定,回路,転換,certification は「証明・資格認定」という意味だよ。
149,高校生後半,大学入試・B2,10,noun,B2,英日,4択,bookmark,しおり,「bookmark」の意味は？,しおり,回路,転換,連続した・連載物,bookmark は「しおり」という意味だよ。
149,高校生後半,大学入試・B2,11,noun,B2,英日,4択,provision,供給・規定,「provision」の意味は？,供給・規定,転換,連続した・連載物,広帯域の,provision は「供給・規定」という意味だよ。
149,高校生後半,大学入試・B2,12,noun,B2,英日,4択,circuit,回路,「circuit」の意味は？,回路,連続した・連載物,広帯域の,DNA・遺伝物質,circuit は「回路」という意味だよ。
149,高校生後半,大学入試・B2,13,noun,B2,英日,4択,conversion,転換,「conversion」の意味は？,転換,広帯域の,DNA・遺伝物質,進化,conversion は「転換」という意味だよ。
149,高校生後半,大学入試・B2,14,adjective,B2,英日,4択,serial,連続した・連載物,「serial」の意味は？,連続した・連載物,DNA・遺伝物質,進化,残り・遺跡,serial は「連続した・連載物」という意味だよ。
149,高校生後半,大学入試・B2,15,noun,B2,英日,4択,broadband,広帯域の,「broadband」の意味は？,広帯域の,進化,残り・遺跡,補償,broadband は「広帯域の」という意味だよ。
149,高校生後半,大学入試・B2,16,noun,B2,英日,4択,dna,DNA・遺伝物質,「dna」の意味は？,DNA・遺伝物質,残り・遺跡,補償,航空機,dna は「DNA・遺伝物質」という意味だよ。
149,高校生後半,大学入試・B2,17,noun,B2,英日,4択,evolution,進化,「evolution」の意味は？,進化,補償,航空機,予備・バックアップ,evolution は「進化」という意味だよ。
149,高校生後半,大学入試・B2,18,noun,B2,英日,4択,remains,残り・遺跡,「remains」の意味は？,残り・遺跡,航空機,予備・バックアップ,伝達・送信,remains は「残り・遺跡」という意味だよ。
149,高校生後半,大学入試・B2,19,noun,B2,英日,4択,compensation,補償,「compensation」の意味は？,補償,予備・バックアップ,伝達・送信,…について,compensation は「補償」という意味だよ。
149,高校生後半,大学入試・B2,20,noun,B2,英日,4択,aircraft,航空機,「aircraft」の意味は？,航空機,伝達・送信,…について,投資家,aircraft は「航空機」という意味だよ。
149,高校生後半,大学入試・B2,21,noun,B2,日英,4択,backup,予備・バックアップ,「予備・バックアップ」を表す英単語は？,backup,concerning,investor,identification,「予備・バックアップ」は英語で backup と言うよ。
149,高校生後半,大学入試・B2,22,noun,B2,日英,4択,transmission,伝達・送信,「伝達・送信」を表す英単語は？,transmission,investor,identification,ram,「伝達・送信」は英語で transmission と言うよ。
149,高校生後半,大学入試・B2,23,preposition,B2,日英,4択,concerning,…について,「…について」を表す英単語は？,concerning,identification,ram,unlimited,「…について」は英語で concerning と言うよ。
149,高校生後半,大学入試・B2,24,noun,B2,日英,4択,investor,投資家,「投資家」を表す英単語は？,investor,ram,unlimited,fiscal,「投資家」は英語で investor と言うよ。
149,高校生後半,大学入試・B2,25,noun,B2,日英,4択,identification,身分証明・識別,「身分証明・識別」を表す英単語は？,identification,unlimited,fiscal,dental,「身分証明・識別」は英語で identification と言うよ。
149,高校生後半,大学入試・B2,26,noun,B2,日英,4択,ram,雄羊・突進する,「雄羊・突進する」を表す英単語は？,ram,fiscal,dental,specialty,「雄羊・突進する」は英語で ram と言うよ。
149,高校生後半,大学入試・B2,27,adjective,B2,日英,4択,unlimited,限りない,「限りない」を表す英単語は？,unlimited,dental,specialty,compatible,「限りない」は英語で unlimited と言うよ。
149,高校生後半,大学入試・B2,28,adjective,B2,日英,4択,fiscal,財政の,「財政の」を表す英単語は？,fiscal,specialty,compatible,recreation,「財政の」は英語で fiscal と言うよ。
149,高校生後半,大学入試・B2,29,adjective,B2,日英,4択,dental,歯の,「歯の」を表す英単語は？,dental,compatible,recreation,translation,「歯の」は英語で dental と言うよ。
149,高校生後半,大学入試・B2,30,noun,B2,日英,4択,specialty,専門分野,「専門分野」を表す英単語は？,specialty,recreation,translation,legislation,「専門分野」は英語で specialty と言うよ。
150,高校生後半,大学入試・B2,1,noun,B2,英日,4択,reform,改革する,「reform」の意味は？,改革する,分野・ジャンル,後部・育てる,海軍,reform は「改革する」という意味だよ。
150,高校生後半,大学入試・B2,2,noun,B2,英日,4択,alliance,同盟,「alliance」の意味は？,同盟,後部・育てる,海軍,地域,alliance は「同盟」という意味だよ。
150,高校生後半,大学入試・B2,3,noun,B2,英日,4択,genre,分野・ジャンル,「genre」の意味は？,分野・ジャンル,海軍,地域,出口,genre は「分野・ジャンル」という意味だよ。
150,高校生後半,大学入試・B2,4,adjective,B2,英日,4択,rear,後部・育てる,「rear」の意味は？,後部・育てる,地域,出口,主導権・新計画,rear は「後部・育てる」という意味だよ。
150,高校生後半,大学入試・B2,5,noun,B2,英日,4択,navy,海軍,「navy」の意味は？,海軍,出口,主導権・新計画,実行,navy は「海軍」という意味だよ。
150,高校生後半,大学入試・B2,6,noun,B2,英日,4択,territory,地域,「territory」の意味は？,地域,主導権・新計画,実行,水素イオン指数,territory は「地域」という意味だよ。
150,高校生後半,大学入試・B2,7,noun,B2,英日,4択,outlet,出口,「outlet」の意味は？,出口,実行,水素イオン指数,広範囲の,outlet は「出口」という意味だよ。
150,高校生後半,大学入試・B2,8,noun,B2,英日,4択,initiative,主導権・新計画,「initiative」の意味は？,主導権・新計画,水素イオン指数,広範囲の,目録,initiative は「主導権・新計画」という意味だよ。
150,高校生後半,大学入試・B2,9,noun,B2,英日,4択,execution,実行,「execution」の意味は？,実行,広範囲の,目録,同意する,execution は「実行」という意味だよ。
150,高校生後半,大学入試・B2,10,noun,B2,英日,4択,ph,水素イオン指数,「ph」の意味は？,水素イオン指数,目録,同意する,会計検査,ph は「水素イオン指数」という意味だよ。
150,高校生後半,大学入試・B2,11,adjective,B2,英日,4択,extensive,広範囲の,「extensive」の意味は？,広範囲の,同意する,会計検査,実行する・道具,extensive は「広範囲の」という意味だよ。
150,高校生後半,大学入試・B2,12,noun,B2,英日,4択,catalogue,目録,「catalogue」の意味は？,目録,会計検査,実行する・道具,州,catalogue は「目録」という意味だよ。
150,高校生後半,大学入試・B2,13,noun,B2,英日,4択,consent,同意する,「consent」の意味は？,同意する,実行する・道具,州,商品,consent は「同意する」という意味だよ。
150,高校生後半,大学入試・B2,14,noun,B2,英日,4択,audit,会計検査,「audit」の意味は？,会計検査,州,商品,出入口,audit は「会計検査」という意味だよ。
150,高校生後半,大学入試・B2,15,noun,B2,英日,4択,implement,実行する・道具,「implement」の意味は？,実行する・道具,商品,出入口,移行,implement は「実行する・道具」という意味だよ。
150,高校生後半,大学入試・B2,16,noun,B2,英日,4択,province,州,「province」の意味は？,州,出入口,移行,分類,province は「州」という意味だよ。
150,高校生後半,大学入試・B2,17,noun,B2,英日,4択,merchandise,商品,「merchandise」の意味は？,商品,移行,分類,医師,merchandise は「商品」という意味だよ。
150,高校生後半,大学入試・B2,18,noun,B2,英日,4択,gateway,出入口,「gateway」の意味は？,出入口,分類,医師,知的な,gateway は「出入口」という意味だよ。
150,高校生後半,大学入試・B2,19,noun,B2,英日,4択,transition,移行,「transition」の意味は？,移行,医師,知的な,見通し,transition は「移行」という意味だよ。
150,高校生後半,大学入試・B2,20,noun,B2,英日,4択,classification,分類,「classification」の意味は？,分類,知的な,見通し,収入,classification は「分類」という意味だよ。
150,高校生後半,大学入試・B2,21,noun,B2,日英,4択,physician,医師,「医師」を表す英単語は？,physician,outlook,earnings,bidding,「医師」は英語で physician と言うよ。
150,高校生後半,大学入試・B2,22,adjective,B2,日英,4択,intellectual,知的な,「知的な」を表す英単語は？,intellectual,earnings,bidding,acquisition,「知的な」は英語で intellectual と言うよ。
150,高校生後半,大学入試・B2,23,noun,B2,日英,4択,outlook,見通し,「見通し」を表す英単語は？,outlook,bidding,acquisition,hairy,「見通し」は英語で outlook と言うよ。
150,高校生後半,大学入試・B2,24,noun,B2,日英,4択,earnings,収入,「収入」を表す英単語は？,earnings,acquisition,hairy,specify,「収入」は英語で earnings と言うよ。
150,高校生後半,大学入試・B2,25,noun,B2,日英,4択,bidding,入札,「入札」を表す英単語は？,bidding,hairy,specify,accessibility,「入札」は英語で bidding と言うよ。
150,高校生後半,大学入試・B2,26,noun,B2,日英,4択,acquisition,取得・買収,「取得・買収」を表す英単語は？,acquisition,specify,accessibility,completion,「取得・買収」は英語で acquisition と言うよ。
150,高校生後半,大学入試・B2,27,adjective,B2,日英,4択,hairy,毛深い,「毛深い」を表す英単語は？,hairy,accessibility,completion,reform,「毛深い」は英語で hairy と言うよ。
150,高校生後半,大学入試・B2,28,verb,B2,日英,4択,specify,明確に述べる,「明確に述べる」を表す英単語は？,specify,completion,reform,alliance,「明確に述べる」は英語で specify と言うよ。
150,高校生後半,大学入試・B2,29,noun,B2,日英,4択,accessibility,利用しやすさ,「利用しやすさ」を表す英単語は？,accessibility,reform,alliance,genre,「利用しやすさ」は英語で accessibility と言うよ。
150,高校生後半,大学入試・B2,30,noun,B2,日英,4択,completion,完成,「完成」を表す英単語は？,completion,alliance,genre,rear,「完成」は英語で completion と言うよ。
